Residue,Chain1,Chain2,Chain3,Chain4,Mean,STD
33,,0.4149,0.5537,,0.48429999999999995,0.09814642122869278
34,0.4091,0.3717,0.4265,0.3209,0.38205,0.04674023962283462
35,0.1924,0.331,0.2796,0.1501,0.238275,0.08202647438479849
36,0.082,0.2101,0.1078,0.0717,0.1179,0.06331429538421793
37,0.0233,0.0978,0.0514,0.0553,0.05695,0.030738520892630253
38,0.0213,0.0496,0.0224,0.0319,0.031299999999999994,0.013095291774781753
39,0.0106,0.0351,0.0128,0.015,0.018375,0.011293766717382943
40,0.0101,0.0243,0.01,0.0119,0.014075,0.0068723479733397265
41,0.0337,0.0367,0.022,0.0254,0.029450000000000004,0.006892749814116281
42,0.028,0.0521,0.0239,0.0385,0.035625000000000004,0.01258712967015647
43,0.0357,0.0645,0.0243,0.0353,0.03995,0.017197964995894138
44,0.0541,0.0652,0.023,0.0379,0.04504999999999999,0.018486481547336148
45,0.0763,0.0769,0.0354,0.0581,0.061674999999999994,0.019569087016686974
46,0.0812,0.1054,0.0419,0.0643,0.07319999999999999,0.026831200743413126
47,0.0748,0.1093,0.0487,0.0483,0.07027499999999999,0.028820175225005136
48,0.0589,0.0955,0.0596,0.0514,0.06635,0.019784589962897895
49,0.0156,0.0566,0.0263,0.0241,0.03065,0.017904654888231345
50,0.0173,0.047,0.0193,0.0172,0.0252,0.014565484315096884
51,0.0136,0.0441,0.017,0.0152,0.022475000000000002,0.014483410049662568
52,0.0078,0.0367,0.0145,0.0142,0.0183,0.012649901185384812
53,0.0073,0.0302,0.0139,0.0136,0.01625,0.009785192895390465
54,0.0111,0.0238,0.0144,0.018,0.016825,0.005437140792732887
55,0.0063,0.0123,0.0095,0.0111,0.0098,0.0026000000000000003
56,0.0067,0.012,0.0096,0.014,0.010575,0.0031478828864280623
57,0.0069,0.0121,0.0107,0.0106,0.010074999999999999,0.002224672260506402
58,0.0083,0.0155,0.0113,0.0122,0.011825,0.002963528302547489
59,0.0191,0.0284,0.0243,0.0266,0.0246,0.004032369030731191
60,0.0137,0.026,0.0176,0.0142,0.017875000000000002,0.005687046685231271
61,0.0081,0.0133,0.0114,0.0108,0.0109,0.002149418526020468
62,0.0074,0.0088,0.0096,0.01,0.00895,0.0011474609652039
63,0.0099,0.0084,0.0114,0.0104,0.010025,0.0012500000000000002
64,0.0117,0.0096,0.0113,0.0095,0.010525,0.0011383467544352792
65,0.0093,0.0095,0.0115,0.0086,0.009725,0.0012446552400832396
66,0.0115,0.0106,0.0202,0.0143,0.014150000000000001,0.004330127018922192
67,0.0178,0.0154,0.0314,0.0176,0.02055,0.007314597277590428
68,0.0118,0.0091,0.023,0.0078,0.012925,0.00692019990077358
69,0.0139,0.0093,0.0195,0.0085,0.0128,0.005060961700441264
70,0.0157,0.011,0.0207,0.0099,0.014325,0.004938538920234067
71,0.0301,0.0188,0.0303,0.0246,0.025949999999999997,0.005449464805526012
72,0.0297,0.0149,0.0215,0.0168,0.020724999999999997,0.006595137097387236
73,0.0315,0.0144,0.0261,0.0122,0.02105,0.009260129588726067
74,0.042,0.0302,0.0301,0.011,0.028325,0.012830010392305484
75,0.0295,0.0326,0.027,0.0104,0.024875,0.009918123142342338
76,0.0247,0.0305,0.0295,0.0103,0.02375,0.009317188417113823
77,0.0339,0.0394,0.0373,0.0191,0.032425,0.009167833259100356
78,0.0315,0.0366,0.0299,0.0177,0.028925,0.008010149811333118
79,0.0126,0.0151,0.0182,0.0102,0.014025000000000001,0.0034277057438856485
80,0.0157,0.0209,0.0213,0.0135,0.017849999999999998,0.0038622100754188223
81,0.0254,0.0246,0.0242,0.0193,0.023375,0.0027620946158063925
82,0.0223,0.0281,0.0182,0.0168,0.021349999999999997,0.005069187969159032
83,0.0126,0.0235,0.021,0.0207,0.01945,0.0047360320944858465
84,0.0124,0.0178,0.0188,0.0374,0.0216,0.010901987586368522
85,0.0164,0.0232,0.0287,0.0427,0.02775,0.01116437787489
86,0.0155,0.0332,0.0336,0.0356,0.029475,0.009375633311942185
87,0.0118,0.0328,0.0356,0.0409,0.030274999999999996,0.012766459963513771
88,0.0278,0.044,0.0349,0.0385,0.0363,0.006790679887414317
89,0.0345,0.0525,0.04,0.0473,0.043575,0.00793026901603386
90,0.017,0.0433,0.0259,0.0324,0.02965,0.011075047027740634
91,0.0166,0.0398,0.0156,0.0508,0.0307,0.017451265474648727
92,0.0281,0.0313,0.0246,0.0681,0.038025,0.02023583866971336
93,0.0239,0.043,0.0383,0.0503,0.038875,0.011137436868507941
94,0.0186,0.045,0.0353,0.0493,0.03705,0.013622652703004164
95,0.0098,0.025,0.014,0.0353,0.021025,0.011473556554094287
96,0.0123,0.026,0.0188,0.0324,0.022375,0.008716411723486524
97,0.0085,0.034,0.0123,0.018,0.0182,0.011233580610532572
98,0.0076,0.0242,0.0087,0.0113,0.01295,0.007658764043020693
99,0.0072,0.0168,0.0086,0.0113,0.010975,0.004239791661548162
100,0.0064,0.0137,0.0087,0.0102,0.00975,0.003062134331910778
101,0.0068,0.0239,0.0094,0.0112,0.012825000000000001,0.007601041595290302
102,0.007,0.0115,0.0093,0.0104,0.00955,0.0019226717521892982
103,0.0071,0.0098,0.0091,0.0103,0.009075,0.0014056433876817164
104,0.0075,0.0087,0.0091,0.01,0.008825,0.001037223858833441
105,0.0072,0.0088,0.0095,0.0099,0.00885,0.0011902380714238086
106,0.007,0.0102,0.0098,0.0098,0.0092,0.001478738200854589
107,0.0079,0.0136,0.0102,0.0094,0.010275,0.0024129857024027305
108,0.0077,0.0163,0.0094,0.0104,0.01095,0.003736754384935318
109,0.0111,0.0205,0.0112,0.0191,0.015475000000000001,0.005026844603393531
110,0.0143,0.0245,0.0101,0.0196,0.017125,0.006267575288738063
111,0.0132,0.0236,0.0198,0.0227,0.019825,0.0047048733599676556
112,0.0118,0.023,0.0174,0.0211,0.018325,0.004932460508373753
113,0.0075,0.0179,0.0091,0.0144,0.012225,0.004796787119173277
114,0.0105,0.0201,0.0141,0.014,0.014675,0.003985285435197835
115,0.0189,0.0187,0.0193,0.0172,0.018525,0.0009178779875342914
116,0.0153,0.0192,0.0159,0.0155,0.016475,0.001833712082089224
117,0.0103,0.0174,0.0134,0.0126,0.013425,0.002957899029153406
118,0.0284,0.0251,0.0497,0.021,0.031050000000000005,0.012796483892069728
119,0.0177,0.0255,0.0609,0.0207,0.0312,0.020058913230780975
120,0.0225,0.0391,0.0388,0.0225,0.030725000000000002,0.009498201584159675
121,0.0304,0.0412,0.0424,0.0247,0.034675,0.008564023587076346
122,0.0104,0.0276,0.0143,0.0122,0.016125,0.007814249804043891
123,0.0083,0.0262,0.0119,0.0118,0.01455,0.007945019404213771
124,0.0072,0.0188,0.0086,0.0106,0.011300000000000001,0.005191017883485538
125,0.0072,0.0163,0.0084,0.011,0.010724999999999998,0.004040936360135688
126,0.0075,0.0172,0.0087,0.0105,0.010975,0.004329260906898544
127,0.0068,0.0169,0.0084,0.0103,0.010599999999999998,0.004436965930302673
128,0.0071,0.0155,0.0083,0.0102,0.010275000000000001,0.0037097843603099085
129,0.0076,0.0091,0.0088,0.0105,0.009000000000000001,0.0011916375287812986
130,0.0074,0.0095,0.0098,0.0113,0.0095,0.0016062378404209006
131,0.0073,0.01,0.0106,0.0111,0.00975,0.0016941074346097417
132,0.0096,0.0128,0.0132,0.012,0.0119,0.0016124515496597105
133,0.0084,0.0108,0.011,0.0115,0.010425,0.0013817259737975063
134,0.0087,0.0102,0.0101,0.0111,0.010025,0.0009912113800799509
135,0.0136,0.0086,0.0103,0.0124,0.011225,0.0022186707732333786
136,0.0109,0.0115,0.0109,0.0114,0.011175,0.0003201562118716425
137,0.0093,0.0111,0.0098,0.0114,0.0104,0.0010099504938362084
138,0.0093,0.0163,0.0101,0.0122,0.011975,0.0031319589184193755
139,0.0173,0.0314,0.015,0.0213,0.021249999999999998,0.007250057471036579
140,0.013,0.0295,0.0137,0.014,0.01755,0.0079776771890904
141,0.0143,0.0258,0.0114,0.0139,0.01635,0.006429359740025959
142,0.0148,0.0363,0.0172,0.0153,0.0209,0.010318591635166754
143,0.0132,0.0347,0.0123,0.0162,0.0191,0.010532805893967667
144,0.0226,0.0345,0.0147,0.0236,0.02385,0.00813981981782562
145,0.0152,0.0206,0.0121,0.0166,0.016125,0.0035264476932649
146,0.0095,0.0211,0.0103,0.0169,0.014450000000000001,0.005536244214266564
147,0.0097,0.027,0.0097,0.0146,0.01525,0.00816680271995514
148,0.0158,0.0379,0.0137,0.0206,0.022,0.010986355173577815
149,0.0095,0.021,0.0092,0.0126,0.013075,0.005502347983664187
150,0.0084,0.0214,0.0089,0.0121,0.0127,0.006027160746708741
151,0.0101,0.0231,0.009,0.0134,0.013900000000000001,0.006411967976630368
152,0.0175,0.0258,0.0197,0.0167,0.019925,0.004116936563352254
153,0.0085,0.0294,0.008,0.0141,0.015000000000000001,0.009990328656589165
154,0.01,0.0437,0.0074,0.0197,0.0202,0.016536626016210202
155,0.0228,0.0635,0.0147,0.0337,0.033675000000000004,0.021352966226420786
156,0.0123,0.0664,0.0117,0.0257,0.029025000000000002,0.025741195905914446
157,0.016,0.0498,0.0091,0.0282,0.025775,0.01785765475456767
158,0.0079,0.0241,0.0087,0.0209,0.0154,0.0083082288525694
159,0.0138,0.027,0.0107,0.0292,0.020175000000000002,0.009281657538751723
160,0.0305,0.0391,0.02,0.0389,0.032125,0.00902233340106649
161,0.0206,0.0229,0.0273,0.0272,0.0245,0.0033115957885386112
162,0.0218,0.0319,0.0404,0.0335,0.0319,0.007677239087067694
163,0.0164,0.0328,0.0098,0.0183,0.019325000000000002,0.009693769476662145
164,0.013,0.0338,0.0108,0.0186,0.019049999999999997,0.010367095382346331
165,0.0087,0.0334,0.0088,0.0166,0.016875,0.011621639299169458
166,0.0083,0.0235,0.0098,0.0152,0.014199999999999999,0.006871681017043792
167,0.0072,0.0282,0.0087,0.012,0.014025,0.009660357136255366
168,0.0076,0.0339,0.0091,0.0113,0.015475000000000001,0.012376961124067032
169,,,,,,
170,0.0078,0.0461,0.0114,0.015,0.020075,0.017597229895639825
171,0.0137,0.0508,0.0374,0.0273,0.0323,0.015697345847838946
172,0.0202,0.0501,0.0326,0.0394,0.035574999999999996,0.012527935451089564
173,0.0423,0.0775,0.0514,0.1301,0.075325,0.03944653554707519
174,0.1495,0.1345,0.1469,0.1714,0.15057500000000001,0.01534869701310179
175,0.084,0.0914,0.0969,0.133,0.101325,0.021768076779234924
176,0.0319,0.0469,0.027,0.0616,0.04185,0.015653434128011658
177,0.0141,0.0287,0.0156,0.0352,0.023399999999999997,0.010241419172491021
178,0.0137,0.0275,0.0166,0.0341,0.022975000000000002,0.009502762756167281
179,0.0102,0.0221,0.0114,0.0161,0.014950000000000001,0.00540401085614503
180,0.0124,0.0235,0.0112,0.013,0.015025,0.005699342067291628
181,0.0133,0.0271,0.0124,0.0147,0.016875,0.006882041848172677
182,0.0111,0.0258,0.0105,0.0161,0.015875,0.007076899038420711
183,0.0081,0.0224,0.0098,0.0135,0.01345,0.006378348793640352
184,0.0083,0.0266,0.0103,0.0145,0.014925,0.008200965390326515
185,0.0089,0.0323,0.01,0.0146,0.01645,0.010851267207105353
186,0.0086,0.0278,0.0095,0.0147,0.01515,0.00885155353596192
187,0.0078,0.0278,0.0095,0.0137,0.014700000000000001,0.009078546139112803
188,0.0112,0.0443,0.0098,0.0129,0.019549999999999998,0.016548615249218485
189,0.019,0.0483,0.0094,0.0127,0.022350000000000002,0.017752464617624225
190,0.0102,0.0385,0.0088,0.0125,0.0175,0.014082850090328542
191,0.0096,0.0453,0.0095,0.0132,0.0194,0.01735223328566096
192,0.0215,0.084,0.0112,0.0228,0.034875,0.03315854590700061
193,0.0376,0.1215,0.0158,0.0204,0.048825,0.04935006754470216
194,0.0336,0.1591,0.0168,0.0157,0.056299999999999996,0.06902110788254077
195,0.0219,0.0896,0.0119,0.0152,0.03465,0.03686882151628934
196,0.0271,0.0405,0.0099,0.0138,0.022824999999999998,0.013894693231590254
197,0.0082,0.0384,0.009,0.0131,0.017175,0.014311854061115443
198,0.0075,0.031,0.0097,0.0117,0.014975,0.010820158655645179
199,0.0074,0.0326,0.0105,0.0112,0.015425,0.011568455673367409
200,0.0079,0.04,0.0108,0.0127,0.01785,0.01489798644112687
201,0.0106,0.0385,0.0139,0.0168,0.01995,0.012623390986577259
202,0.0483,0.0594,0.0498,0.0445,0.0505,0.006338769596696193
203,0.1056,0.1404,0.0965,0.1527,0.12380000000000001,0.02700185178834963
204,0.1507,0.2489,0.1455,0.2675,0.20315,0.06405338918953991
205,0.1678,0.2824,0.1489,0.251,0.212525,0.06432031172188143
206,0.1044,0.1843,0.1164,0.1671,0.14305,0.038660962222893516
207,0.0578,0.1243,0.1054,0.1282,0.10392499999999999,0.032321857929271336
208,0.0425,0.0598,0.049,0.0714,0.055675,0.012681055424004214
209,0.0177,0.0335,0.02,0.0272,0.0246,0.007181921748390191
210,0.0169,0.0311,0.0222,0.0212,0.02285,0.0059612638481002225
211,0.0152,0.0266,0.0233,0.0211,0.02155,0.004798958220280731
212,0.0093,0.0227,0.0127,0.0184,0.015775,0.005950560197718083
213,0.0102,0.0265,0.0126,0.0157,0.01625,0.007194673956013109
214,0.0095,0.0424,0.0117,0.0176,0.020300000000000002,0.015125034435222508
215,0.0091,0.0478,0.0111,0.0156,0.020900000000000002,0.018138173373670605
216,0.0092,0.0438,0.0104,0.014,0.01935,0.016427111736394807
217,0.0138,0.0436,0.0127,0.0172,0.021824999999999997,0.01464248954242413
218,0.0156,0.044,0.019,0.0246,0.0258,0.012688052122633586
219,0.0175,0.0413,0.0163,0.0217,0.0242,0.011632712495372696
220,0.0208,0.0527,0.0139,0.0245,0.027975,0.01705859998163194
221,0.0163,0.0468,0.0109,0.0225,0.024125,0.01584221680615858
222,0.0152,0.0433,0.0146,0.0294,0.025625,0.013624579504214678
223,0.0138,0.04,0.0116,0.0262,0.0229,0.013086889113409142
224,0.0208,0.0497,0.0113,0.0158,0.024400000000000005,0.01730722392528623
225,0.0128,0.0443,0.0102,0.0151,0.0206,0.015926288540230163
226,0.0076,0.04,0.0101,0.0132,0.017725,0.015025617014507813
227,0.0068,0.0388,0.01,0.0125,0.017025000000000002,0.014702919211276831
228,0.007,0.0407,0.0114,0.0137,0.0182,0.015255381564112602
229,0.0065,0.0401,0.012,0.0138,0.018099999999999998,0.014991775523043737
230,0.0072,0.0383,0.0119,0.0146,0.018,0.013874436925511607
231,0.0103,0.0478,0.0314,0.0508,0.035074999999999995,0.018587697544343678
232,0.0287,0.082,0.0838,0.0689,0.06585,0.025641437817199977
233,0.064,0.1622,0.1377,0.177,0.13522499999999998,0.05017279309213975
234,0.1376,0.2196,0.209,0.1896,0.18894999999999998,0.03641734934524111
235,0.1561,0.1595,0.1846,0.2336,0.18345,0.03576762968569952
236,0.097,0.0794,0.1157,0.1687,0.1152,0.038623740540415466
237,0.0396,0.0434,0.0681,0.13,0.070275,0.041773306867743505
238,0.036,0.0347,0.0614,0.0636,0.048924999999999996,0.015709736895738687
239,0.0161,0.0269,0.0283,0.0254,0.024175000000000002,0.005512032293083922
240,0.0114,0.0225,0.0279,0.0264,0.02205,0.007455870170543476
241,0.0312,0.0218,0.0249,0.0365,0.0286,0.00655997967476526
242,0.0337,0.0221,0.0246,0.027,0.02685,0.00498564606311626
243,0.0173,0.0171,0.015,0.0207,0.017525,0.0023584952830141507
244,0.0211,0.021,0.0152,0.0156,0.018224999999999998,0.003266369034060094
245,0.0347,0.0276,0.0216,0.015,0.024725,0.008408477864631624
246,0.0343,0.0254,0.0258,0.0148,0.025075,0.00798555988435793
247,0.0356,0.0331,0.0193,0.0133,0.025325,0.010753720286486905
248,0.0088,0.0309,0.0118,0.0127,0.01605,0.010039422294136251
249,0.0079,0.0419,0.0109,0.0136,0.018574999999999998,0.015723310720074192
250,0.0069,0.0423,0.0122,0.0151,0.019125,0.01581863352716241
251,0.0068,0.0384,0.0141,0.0274,0.021675,0.014037420228327803
252,0.0078,0.0351,0.0211,0.0317,0.023925000000000002,0.012292646853573343
253,0.019,0.0452,0.0444,0.0891,0.049425,0.029114071626391708
254,0.0411,0.0585,0.0623,0.1726,0.083625,0.06003040201986546
255,0.0308,0.0521,0.0701,0.2862,0.10980000000000001,0.11869195423448045
256,0.0559,0.068,0.0802,0.4262,0.15757500000000002,0.1793578987202218
257,0.1414,0.1674,0.1037,0.4276,0.210025,0.1473885652507231
258,0.2694,0.3312,0.2303,0.5678,0.34967499999999996,0.15123305139199344
259,0.3478,0.4019,0.368,0.7172,0.45872500000000005,0.1737563308199157
260,0.4181,,0.4222,,0.42015,0.0028991378028648397
261,,,,,,
262,,,,,,
263,,,,,,
264,,,,,,
265,,,,,,
266,,,,,,
267,,,,,,
268,,,,,,
269,,,,,,
270,,,,,,
271,,,,,,
272,,,,,,
273,,,,,,
274,,,,,,
275,,,,,,
276,0.2358,0.3424,0.4102,0.6336,0.4055,0.16815806056604407
277,0.1817,0.2537,0.2947,0.4618,0.297975,0.11878482997981406
278,0.2716,0.2043,0.27,0.3971,0.28575,0.08058372457678205
279,0.113,0.1635,0.3223,0.3589,0.239425,0.11956926514228756
280,0.1289,0.1329,0.3059,0.3148,0.22062500000000002,0.10368205807499517
281,0.1217,0.0974,0.3204,0.3072,0.211675,0.11846297241473105
282,0.0609,0.0559,0.2204,0.2727,0.152475,0.11072573850133792
283,0.027,0.0381,0.1054,0.2581,0.10715,0.10642820741388692
284,0.0267,0.0277,0.0646,0.2116,0.08265,0.08775688007216301
285,0.027,0.0267,0.0568,0.1458,0.06407500000000001,0.05628305695322528
286,0.029,0.0326,0.0561,0.0962,0.053474999999999995,0.030914438374325996
287,0.0217,0.0266,0.0536,0.0539,0.03895,0.017206684747504385
288,0.0358,0.0216,0.0425,0.0614,0.040325,0.01653266967754049
289,0.0497,0.0363,0.0543,0.062,0.050574999999999995,0.010784981842049311
290,0.0471,0.0455,0.0436,0.0564,0.04815,0.005683015631393834
291,0.06,0.0429,0.0512,0.0507,0.051199999999999996,0.006989992846920517
292,0.028,0.0316,0.0459,0.0232,0.032175,0.009775607398008578
293,0.0205,0.0404,0.0463,0.0252,0.0331,0.012229745159514431
294,0.0225,0.0386,0.0357,0.0241,0.030225,0.008109819151292259
295,0.0128,0.0311,0.0275,0.0188,0.02255,0.008301204731844649
296,0.008,0.0302,0.0238,0.0172,0.019799999999999998,0.009489643477672558
297,0.0077,0.0241,0.0171,0.0207,0.0174,0.007070124939961574
298,0.0082,0.0223,0.0172,0.021,0.017175,0.006362585952268149
299,0.007,0.0196,0.0159,0.0193,0.015449999999999998,0.0058779248038742385
300,0.0069,0.0206,0.0148,0.0161,0.014600000000000002,0.005703215467318999
301,0.0064,0.0208,0.012,0.0138,0.01325,0.005938293806585637
302,0.007,0.0163,0.0127,0.014,0.012499999999999999,0.003957271787481875
303,0.0104,0.0158,0.0255,0.0187,0.017599999999999998,0.006290204024248073
304,0.0097,0.012,0.014,0.0121,0.01195,0.001759734828508735
305,0.0119,0.0137,0.0149,0.023,0.015875,0.004907392382925987
306,0.0095,0.0197,0.016,0.0144,0.0149,0.00422926313518876
307,0.0145,0.0147,0.013,0.0119,0.013525,0.0013225606476327148
308,0.021,0.0496,0.0364,0.035,0.035500000000000004,0.011692162617183642
309,0.0289,0.0531,0.0392,0.0453,0.041625,0.010214165000951703
310,0.0488,0.0553,0.1065,0.0969,0.076875,0.029053556867734226
311,0.0407,0.0583,0.1032,0.1114,0.0784,0.03429936831293933
312,0.0895,0.0852,0.213,0.22,0.151925,0.07464017573219756
313,0.0374,0.0668,0.2325,0.2174,0.138525,0.10070304116559738
314,0.0327,0.0711,0.2714,0.2038,0.14475,0.11181331167024194
315,0.0492,0.0887,0.2053,0.2485,0.147925,0.09427167743636829
316,0.0492,0.0885,0.2913,0.2337,0.165675,0.11537106439658083
317,0.0394,0.0772,0.2602,0.2807,0.164375,0.12373650431461203
318,0.0391,0.0716,0.4002,0.2255,0.1841,0.16542311406410734
319,0.0553,0.0907,0.3764,0.3741,0.224125,0.1751040523993282
320,0.0475,0.148,0.3466,0.5349,0.26925,0.21635431588022463
321,0.0275,0.1317,0.1888,0.457,0.20124999999999998,0.18311137776409928
322,0.0383,0.0987,0.1747,0.2827,0.1486,0.1053883611537188
323,0.0323,0.0708,0.1503,0.1886,0.11049999999999999,0.0715890587543469
324,0.0197,0.0598,0.1168,0.1183,0.07865,0.0478120277754458
325,0.0098,0.0309,0.0445,0.0349,0.030025,0.014641351258222947
326,0.0101,0.0388,0.0292,0.0299,0.027,0.012084425238021595
327,0.009,0.039,0.0395,0.0493,0.034199999999999994,0.017456421931961504
328,0.0088,0.0389,0.0405,0.1069,0.048775,0.041402526090405
329,0.0134,0.0424,0.0628,0.1321,0.062675,0.05052704721235944
330,0.0283,0.0474,0.091,0.1998,0.091625,0.07674226888314765
331,0.0342,0.0401,0.1761,0.2186,0.11725,0.09413566451315533
332,0.0254,0.0366,0.2824,0.2339,0.144575,0.13271016979367734
333,0.0346,0.0334,0.3129,0.2616,0.16062500000000002,0.14770706087839314
334,0.0488,0.0398,0.5328,0.3057,0.231775,0.23552438479557344
335,0.0444,0.0374,0.6591,0.3601,0.27525,0.2968752207016724
336,0.0278,0.027,0.7126,0.4506,0.3045,0.3373721782641044
337,0.0452,0.0413,0.6134,0.4659,0.29145,0.2928587202048114
338,0.066,0.0702,0.5654,0.4488,0.28759999999999997,0.2578937765825302
339,0.0644,0.0737,0.5557,0.3454,0.2598,0.23643077915815727
340,0.0631,0.0705,0.6282,0.3149,0.269175,0.2664134553033436
341,0.0419,0.0381,0.5312,0.2126,0.20595,0.2316015328101263
342,0.0525,0.0472,0.4897,0.2489,0.209575,0.20900930401938253
343,0.0587,0.049,0.3212,0.2027,0.15789999999999998,0.129581094300056
344,0.058,0.0307,0.2166,0.1519,0.11430000000000001,0.0857082259762737
345,0.0295,0.0254,0.1647,0.0575,0.069275,0.06519623583203762
346,0.0245,0.0315,0.1001,0.0325,0.04715,0.03547896090173255
347,0.0242,0.0407,0.0695,0.0323,0.041675000000000004,0.019735310993242546
348,0.0199,0.0407,0.058,0.0237,0.035575,0.017472526052825524
349,0.0182,0.0389,0.0338,0.016,0.026725,0.011342949351910195
350,0.0112,0.0432,0.0301,0.0244,0.027225000000000003,0.01326960813287265
351,0.0098,0.0437,0.0369,0.0219,0.028075000000000003,0.015211043137580453
352,0.0126,0.044,0.0401,0.018,0.028675,0.01568170377648211
353,0.0117,0.0419,0.0146,0.0142,0.0206,0.014257863327534974
354,0.0096,0.0361,0.0142,0.0144,0.018574999999999998,0.01189183893825229
355,0.0157,0.0448,0.0165,0.0169,0.023475,0.014225417392821908
356,0.0183,0.0559,0.0196,0.0207,0.028624999999999998,0.018209773017073366
357,0.0101,0.0365,0.0111,0.0141,0.017949999999999997,0.012482921666554401
358,0.0135,0.0524,0.0111,0.0165,0.023375,0.019475689974940553
359,0.0304,0.1148,0.0149,0.0263,0.046599999999999996,0.04593713095089854
360,0.0515,0.2255,0.0441,0.0561,0.09430000000000001,0.08760624026479696
361,0.095,0.3321,0.1226,0.0891,0.1597,0.11585712465503939
362,0.2649,0.3599,0.2157,0.2315,0.268,0.06460846177810871
363,0.3223,0.4105,0.2665,,0.33309999999999995,0.07260495850835533
