res_4PCN_R22_B,4PCN_R22_B
34,6.802696494346783
35,9.938272366794976
36,5.380881558230613
37,0.2737223077013325
38,0.09931300887108205
39,-1.2542548103115108
40,-0.4618299525827657
41,0.9827340225112627
42,0.5997918663839739
43,1.4490893215573666
44,1.2595139967418774
45,3.32588503723071
46,3.4472132451126236
47,2.4045489586274322
48,2.25288869877504
49,0.736286100251126
50,0.05760643741167463
51,-0.6476137709019453
52,-0.9547257971030381
53,-0.15092641988536318
54,-0.2267565498115593
55,-1.0950115374665
56,-1.1215520829406684
57,-1.3604169922081852
58,-1.3604169922081852
59,-1.4400386286306903
60,-1.0646794854960215
61,-1.2087567323557937
62,-0.9130192256436307
63,-0.6551967838945647
64,-0.4845789915606246
65,-0.33671023820454277
66,0.38746750259062634
67,-0.8561466281989838
68,-1.7092355898686855
69,-0.5414515890052716
70,-0.13196888740381466
71,0.31922038565704963
72,-0.31016969273037415
73,-0.11680286141857517
74,0.15997711281203866
75,0.11827054135263125
76,0.14860259332310957
77,1.5211279449872517
78,1.4149657630905785
79,-0.7120693813392116
80,-0.3973743421454994
81,0.8841548536072078
82,-0.006849173025591703
83,0.6035833728802842
84,0.5656683079171858
85,1.342927139660692
86,0.40642503507217487
87,0.05760643741167463
88,0.8727803341182779
89,2.61687332242078
90,0.5770428274061157
91,0.6339154248507619
92,1.4718383605352248
93,1.2329734512677086
94,0.4177995545611047
95,-0.19263299134477127
96,0.4595061260205121
97,-0.8220230697321957
98,-0.8371890957174346
99,-1.5348262910384352
100,-1.386957537682354
101,-1.944308992639892
102,-1.398332057171283
103,-1.819189278261669
104,-0.7082778748429019
105,-1.4134980831565218
106,-1.3376679532303264
107,-0.8068570437469562
108,-1.7130270963649952
109,0.2775138141976422
110,-0.6210732254277767
111,-0.5073280305384835
112,-0.3025866797377547
113,-0.5111195370347932
114,-0.15471792638167356
115,-0.9509342906067284
116,-0.16609244587060268
117,-0.6779458228724236
118,-0.2381310693004884
119,-0.5679921344794401
120,-0.19263299134477127
121,-0.685528835865043
122,-0.6059071994425379
123,-0.2608801082783473
124,-0.7878995112654077
125,-1.4514131481196202
126,-1.5348262910384352
127,-0.8675211476879129
128,-1.5424093040310545
129,-1.1784246803853153
130,-0.6514052773982549
131,-1.0646794854960215
132,0.31163737266443026
133,-0.977474836080897
134,-0.8864786801694621
135,-1.3187104207487772
136,-0.6893203423613528
137,-1.4931197195790276
138,-0.9357682646214889
139,-0.27983764075989653
140,-0.6059071994425379
141,-0.11680286141857517
142,0.3760929831016966
143,0.12585355434525067
144,-0.30637818623406443
145,0.36471846361276744
146,-0.8144400567395756
147,0.02348287894488661
148,-0.4807874850643149
149,-0.12438587441119524
150,-0.8751041606805323
151,0.5656683079171858
152,0.4746721520057516
153,-1.0153899010439946
154,0.08035547638953353
155,1.221598931778779
156,1.8509890101662034
157,0.2661392947087131
158,-0.423914887619668
159,-0.47320447207169547
160,3.022564517525927
161,0.6907880222954095
162,1.661413685350714
163,-0.3822083161602606
164,0.2320157362419251
165,-0.3632507836787114
166,-0.658988290390875
167,-1.5386177975347448
168,-1.2125482388521034
169,-1.4210810961491418
170,-0.5035365240421737
171,-0.15092641988536318
172,3.2879699722676117
173,13.308921642014377
174,16.979099930442246
175,12.076682030713696
176,6.0671442340626855
177,1.0471896329485284
178,0.618749398865523
179,-0.2040075108337004
180,0.6490814508360007
181,0.2168497102566856
182,-0.2836291472562062
183,-1.3338764467340167
184,-0.6893203423613528
185,-0.810648550243266
186,-0.07888779645547744
187,-0.8675211476879129
188,0.14860259332310957
189,-0.10921984842595575
190,-0.7272354073244511
191,-0.7727334852801683
192,0.2585562817160937
193,0.5050042039762292
194,0.18272615178989757
195,0.6680389833175499
196,0.09552150237477235
197,-0.010640679521901408
198,-0.658988290390875
199,-1.2580463168078206
200,0.2775138141976422
201,0.37230147660538687
202,7.576163819593979
203,12.448249667352053
204,19.04547097093108
205,19.18954821779085
206,15.644489643741204
207,11.572411666704493
208,3.6216225439428724
209,0.7969502041920825
210,0.00831685295964779
211,0.7931586976957735
212,0.32301189215336
213,-0.029598212003450607
214,1.8320314776846542
215,0.6035833728802842
216,0.49362968448729944
217,0.9789425160149524
218,1.91165311410716
219,0.4595061260205121
220,1.596958074913447
221,-0.12817738090750494
222,-0.19642449784108099
223,-0.5566176149905103
224,1.494587399513083
225,-1.1746331738890057
226,-1.4817452000900986
227,-1.3490424727192554
228,-0.658988290390875
229,-0.4428724201012172
230,-0.5452430955015812
231,-0.11680286141857517
232,-0.658988290390875
233,0.4329655805463435
234,1.3163865941865236
235,2.4765875820573173
236,2.032981321989073
237,1.5173364384909427
238,2.2756377377529
239,0.8955293730961376
240,-0.02580670550714023
241,0.12964506084156036
242,-1.5992819014757014
243,-0.5831581604646789
244,-0.5679921344794401
245,0.034857398433815724
246,-0.18884148484846158
247,-1.0495134595107827
248,-0.9168107321399404
249,-0.6665713033834945
250,-0.5983241864499185
251,-0.9357682646214889
252,-1.7926487327875005
253,-0.8561466281989838
254,-0.617281718931467
255,0.5125872169688487
256,-0.022015199010830523
257,-0.5679921344794401
258,2.218765140308252
259,1.2405564642603282
260,3.7770743102915736
261,7.147723585510975
262,5.3353834802748965
263,5.888943428736124
264,6.203638467929838
265,4.247221115833988
266,3.5647499464982264
267,2.1239774779005076
268,1.4832128800241546
269,1.4718383605352248
270,1.979900231040736
271,0.04244041142643581
272,-0.4959535110495537
273,0.9296529315629256
274,2.313552802715997
275,0.30784586616812054
276,2.105019945418958
277,-0.16230093937429296
278,1.1495603083488926
279,1.91165311410716
280,0.9106953990813764
281,1.3808422046237905
282,2.0519388544706225
283,0.14860259332310957
284,-0.13576039390012437
285,2.112602958411579
286,0.40642503507217487
287,0.06139794390798433
288,0.31922038565704963
289,0.7249115807621975
290,3.0263560240222374
291,1.176100853823061
292,0.7400776067474363
293,-0.29500366674513534
294,-0.47320447207169547
295,-0.230548056307869
296,-0.03718122499607002
297,0.08793848938215294
298,-1.2125482388521034
299,-1.5841158754904625
300,-1.1101775634517395
301,-1.762316680817022
302,-0.8485636152063644
303,0.4443401000352726
304,-0.24571408229310782
305,-0.4314979006122874
306,-1.0836370179775707
307,-0.08267930295178715
308,-0.719652394331831
309,0.2395987492345445
310,1.138185788859964
311,0.6301239183544528
312,3.0528965694964048
313,0.48604667149468
314,1.9761087245444255
315,2.048147347974312
316,1.7031202568101216
317,2.1353519973894373
318,3.7808658167878844
319,3.742950751824786
320,2.2377226727898014
321,2.381799919649573
322,2.821614673221508
323,2.6396223613986383
324,0.7969502041920825
325,-0.264671614774657
326,0.34955243762752797
327,0.8841548536072078
328,1.0623556589337673
329,1.02064908747436
330,3.5685414529945367
331,3.2765954527786834
332,1.2405564642603282
333,3.003606985044378
334,4.019730726055401
335,1.7182862827953604
336,0.8348652691551809
337,3.9021940246697975
338,6.571414598071886
339,4.539167116049842
340,4.338217271745422
341,3.4017151671569055
342,1.6727882048396439
343,2.0519388544706225
344,0.618749398865523
345,0.32301189215336
346,0.6566644638286214
347,0.034857398433815724
348,-0.18884148484846158
349,-0.4618299525827657
350,0.08035547638953353
351,0.2775138141976422
352,-0.31396119922668453
353,-0.2836291472562062
354,-0.719652394331831
355,1.593166568417138
356,1.104062230393176
357,0.08414698288584323
358,-0.29879517324144506
359,-0.022015199010830523
360,1.8168654516994154
361,4.952441324147608
362,15.75065182563788
