res_4PCP_R0_G,4PCP_R0_G
34,11.294668250677477
35,9.599716219836369
36,4.7267291311681845
37,1.4248321941642594
38,1.0662846491786402
39,-1.4565862582656235
40,-1.3164267634076088
41,-0.7394911682943854
42,0.44045620702192306
43,1.6497392905643287
44,0.9750180013641186
45,2.8622818972429678
46,2.7156033561124864
47,3.054593762280709
48,1.3303060232135044
49,0.39482288311466346
50,0.7207751967379533
51,-0.4200579009435612
52,-0.961138741558223
53,-0.24730317472321836
54,-2.069376607877408
55,-0.5145840718943161
56,-1.65541716957583
57,-1.3555410410424034
58,-0.5699959652102748
59,-1.5706695680337748
60,-1.9552932981092568
61,-2.036781376515079
62,-2.18345991764556
63,-2.1084908855122033
64,-1.3392434253612393
65,-2.4833360461789864
66,-1.7173481091642548
67,-1.5674100448975419
68,-2.6691288649442617
69,-2.4148860603180955
70,-2.346436074457205
71,-0.860093524335003
72,-0.5308816875754797
73,-1.7108290628917893
74,-0.11692224927390173
75,-0.5439197801204122
76,-1.5315552903989802
77,0.4241585913407595
78,-0.759048307111783
79,-1.75646238679905
80,-0.6417054742073982
81,-0.44939360916965726
82,-0.6025911965726043
83,-1.0915196670075384
84,-0.8568340011987702
85,0.03953486126527755
86,0.21554911062185378
87,-0.6156292891175356
88,1.0304298946800785
89,2.7547176337472816
90,0.7501109049640493
91,1.19014652835549
92,1.8583487712832343
93,2.3407581954457033
94,0.20903006434938814
95,0.3263728972537723
96,0.5219442854277455
97,0.10798484712616753
98,-0.9969934960567847
99,0.019977722447879414
100,-1.886843312248366
101,-1.8216528495237079
102,-1.0035125423292504
103,-2.5126717544050825
104,-2.2812456117325466
105,-1.7206076323004884
106,-2.535488416358713
107,-1.6293409844859668
108,-1.5837076605787066
109,-1.4924410127641852
110,-2.3888098752282323
111,-0.6971173675233581
112,-1.6619362158482958
113,-1.3783577029960339
114,-0.1267008186826008
115,-1.0556649125089768
116,-1.0687030050539086
117,-1.6488981233033644
118,-0.759048307111783
119,-1.4500672119931577
120,0.17643483298705867
121,0.07213009262760584
122,-0.45591265544212406
123,-0.6254078585262346
124,-1.6488981233033644
125,-0.6710411824334942
126,-2.2584289497789163
127,-2.1899789639180254
128,-1.4696243508105546
129,-1.2968696245902114
130,-1.9683313906541886
131,-1.2903505783177456
132,-2.170421825100628
133,-1.2968696245902114
134,-1.3816172261322666
135,-0.43961503976095934
136,-1.6000052762598709
137,-2.587640786538439
138,-1.3099077171351425
139,-0.8861697094248662
140,-0.534141210711713
141,-0.16907461945362814
142,1.199925097764189
143,-0.44287456289719157
144,-0.16907461945362814
145,0.38830383684219777
146,-0.31575316058410835
147,-0.7492697377030845
148,0.6001728406973357
149,0.00368010676671469
150,-0.667781659297262
151,0.1666562635783596
152,-0.051731786549243985
153,-1.6326005076221997
154,-0.3483483919464378
155,1.5878083509759044
156,0.00368010676671469
157,-0.7981625847465781
158,-1.3588005641786363
159,-0.768826876520482
160,0.02323724558411282
161,-0.022396078323147942
162,0.7435918586915837
163,-0.3613864844913691
164,0.31007528157260755
165,-0.45591265544212406
166,-1.111076805824936
167,-0.8796506631524005
168,-1.3262053328163073
169,-1.1045577595524703
170,-1.65541716957583
171,0.31659432784507324
172,-0.5797745346189739
173,4.853850533481268
174,7.164852437070394
175,2.8655414203792
176,2.59500100007187
177,1.1803679589467921
178,-0.09410558732027134
179,-0.16581509631739588
180,-0.9252839870596608
181,-0.3613864844913691
182,0.15035864789719605
183,-0.9969934960567847
184,0.1568776941696617
185,-0.6449649973436317
186,0.6523252108770622
187,-1.2773124857728138
188,1.4248321941642594
189,-0.14625795749999776
190,0.9326442005930913
191,-0.32879125312904084
192,0.8511561221872688
193,0.6946990116480896
194,1.6595178599730278
195,0.7175156736017199
196,-1.0882601438713055
197,-0.2375246053145193
198,-1.3555410410424034
199,-1.8705456965672014
200,-0.9448411258770583
201,-1.1664886991408954
202,1.027170371543845
203,1.874646386964399
204,1.3954964859381633
205,2.4548415052138552
206,4.733248177440651
207,-0.1397389112275321
208,-0.4591721785783563
209,-0.25708174413191626
210,0.06887056949137359
211,0.3394109897987036
212,0.10798484712616753
213,-0.5504388263928778
214,0.8674537378684335
215,-0.45591265544212406
216,-0.3613864844913691
217,0.38178479056973097
218,0.5969133175611023
219,0.8772323072771325
220,0.9750180013641186
221,0.00368010676671469
222,-0.20492937395218985
223,-1.5674100448975419
224,0.44045620702192306
225,0.10798484712616753
226,-0.4200579009435612
227,-1.5282957672627473
228,-1.010031588601716
229,-0.7557887839755502
230,-1.0328482505553465
231,-0.0647698790941753
232,0.6881799653756239
233,0.5610585630625406
234,0.776187090053912
235,2.018065404958647
236,0.9945751401815167
237,2.135408237863031
238,-0.48850788680445234
239,-0.648224520479865
240,0.08516818517253716
241,0.411120498795827
242,-1.3522815179061705
243,-0.3646460076276025
244,0.49586810033788287
245,-0.7525292608393173
246,-1.1371529909147993
247,-0.39072219271746517
248,-0.6254078585262346
249,-0.8926887556973319
250,-0.03543417086807926
251,-0.6449649973436317
252,-1.8966218816570646
253,-1.0002530191930175
254,0.6197299795147327
255,0.988056093909051
256,-0.35486743821890343
257,0.8772323072771325
258,2.383131996216731
259,2.5232914910747453
260,6.470574009052785
261,10.088644690271304
262,5.994683631162782
263,8.181823655575057
264,9.136863934491297
265,4.469226803405786
266,5.8056312892612745
267,4.987490982066817
268,4.156312582327428
269,2.9079152211502275
270,2.3146820103558396
271,3.6054531723040677
272,1.998508266141249
273,2.2397129782224843
274,3.7847269447968777
275,3.250165150454682
276,2.5330700604834444
277,1.8257535399209048
278,2.4841772134399513
279,2.6015200463443358
280,1.7312273689701512
281,1.3205274538048066
282,2.2234153625413193
283,0.5936537944248701
284,1.1053989268134352
285,1.007613232726448
286,2.1093320527731674
287,0.21880863375808604
288,0.4176395450682938
289,2.656931939660294
290,1.7377464152426167
291,2.6112986157530336
292,1.9756916041876185
293,1.1803679589467921
294,0.8055227982800081
295,0.5708371324712397
296,0.1796943561232921
297,-0.012617508914448877
298,-0.47872931739575325
299,-1.0426268199640454
300,-0.961138741558223
301,-1.593486229987405
302,-1.596745753123638
303,-1.7890576181613789
304,-1.2316791618655536
305,-0.8340173392451398
306,-1.3946553186771986
307,-1.7434242942541183
308,-1.1273744215061008
309,0.12754198594356567
310,0.8218204139611728
311,0.6816609191031582
312,4.886445764843597
313,2.4189867507152925
314,1.199925097764189
315,2.5037343522573483
316,2.39291056562543
317,1.2520774679439155
318,1.441129809845423
319,5.522052776409013
320,5.143948092605996
321,1.0141322789989138
322,3.673903158164959
323,2.8622818972429678
324,0.6979585347843229
325,0.05583247694644111
326,1.131475111903298
327,0.6197299795147327
328,0.9098275386394609
329,1.8192344936484393
330,3.1980127802749556
331,3.263203242999613
332,2.327720102900772
333,4.149793536054962
334,5.707845595174288
335,4.201945906234688
336,3.8629555000664664
337,4.107419735283934
338,6.646588258409362
339,6.992097710850049
340,3.9477031016085222
341,2.510253398529814
342,4.540936312402909
343,3.475072246854752
344,1.333565546349738
345,1.5323964576599445
346,0.8576751684597345
347,1.9267987571441256
348,-0.534141210711713
349,0.1666562635783596
350,1.027170371543845
351,0.37200622116103305
352,0.0460539075377432
353,0.18295387925952433
354,1.1542917738569283
355,0.00368010676671469
356,1.5226178882512456
357,0.5089061928828142
358,0.8315989833698718
359,-0.27989840608554667
360,2.624336708297966
361,6.301078805968676
362,22.06413269279097
363,28.77549083029451
364,32.409859127194196
