res_4XAF_R1_G,4XAF_R1_G
34,9.406028612181466
35,5.613003835536785
36,2.8136606994801547
37,1.1556319048989465
38,0.8632055935258915
39,-1.0191113427880487
40,-1.3910321854081487
41,-0.04246424461007695
42,0.6701474462116414
43,1.499161843502245
44,0.5537447397427552
45,1.2919082441795937
46,2.1124053702651575
47,2.3764407776214114
48,2.2458426191441245
49,0.21021480113945665
50,0.13639845069577228
51,-0.48252325687050057
52,0.10800754667897138
53,-0.32353419437641145
54,-0.5932477825360266
55,-0.403028725623456
56,-1.4733658070568727
57,-1.03898497559981
58,-0.8516050090889203
59,-1.79702211284841
60,-2.137712961050028
61,-1.8907120961038553
62,-1.510273982278715
63,-1.5216303438854353
64,-1.5556994287055974
65,-2.248437486715554
66,-1.4421358126383914
67,-2.0241493449828223
68,-2.6288756005406944
69,-1.5017567110736747
70,-1.5784121519190386
71,-1.3456067389812663
72,-1.1837785860854975
73,-1.3853540046047885
74,-0.12479786625880109
75,-0.47400598566545976
76,-0.701133217799872
77,0.11084663708065096
78,-0.3490860079915328
79,-1.5840903327223987
80,-0.8288922858754787
81,0.3777211348385855
82,0.33229568841170304
83,-0.48820143767386076
84,-0.09640696224200018
85,-0.47968416646881995
86,0.4458593044789087
87,0.8859183167393323
88,0.7808719718771664
89,2.0442672006248346
90,0.7269292542452442
91,1.0562637408401419
92,1.2720346113678327
93,1.0307119272250205
94,-0.30082147116297075
95,-0.4768450760671404
96,-0.0594987870201575
97,0.6076874573746773
98,-0.3093387423680115
99,-1.1695831340770966
100,-1.7544357568232078
101,-2.058218429802984
102,-1.686297587182884
103,-2.1235175090416276
104,-2.1093220570332267
105,-1.714688491199686
106,-2.4784038092516467
107,-1.620998507944241
108,-2.151908413058429
109,-1.510273982278715
110,-1.680619406379524
111,-0.7408804834233943
112,-1.3910321854081487
113,-1.9020684577105755
114,-0.6273168673561877
115,-0.4967187088789015
116,-1.0616976988132512
117,-1.6635848639694428
118,-0.9907204387712474
119,-0.44845417205033844
120,-0.5364659745024227
121,-0.43141962964025793
122,-0.3490860079915328
123,-0.4001896352217754
124,-1.3115376541611041
125,-1.6522285023627226
126,-2.231402944305473
127,-1.4506530838434315
128,-1.399549456613189
129,-1.9531720849408187
130,-1.771470299233289
131,-1.1468704108636558
132,-1.5074348918770348
133,-1.6749412255761638
134,-1.3598021909896671
135,-0.38315509281169485
136,-0.5818914209293052
137,-2.078092062614745
138,-1.2064913092989387
139,-0.17590149348904371
140,0.29822660359154096
141,-0.17306240308736415
142,1.22093098413759
143,-1.0702149700182915
144,0.6218829093830783
145,0.12504208908905193
146,-0.2837869287528902
147,-0.4768450760671404
148,0.7468028870570054
149,-0.17590149348904371
150,-0.47400598566545976
151,-0.13899331826720204
152,-0.8005013818586767
153,-1.433618541433351
154,-0.2809478383512096
155,1.8171399684904221
156,0.34081295961674385
157,-0.39735054482009585
158,-0.7749495682435554
159,-0.5733741497242655
160,0.721251073441884
161,-0.2553960247360883
162,1.6950590812181758
163,-0.7919841106536369
164,-0.9963986195746075
165,-1.1042840548384534
166,-1.0616976988132512
167,-1.1922958572905378
168,-1.4279403606299903
169,-1.530147615090476
170,-1.4506530838434315
171,0.2897093323865012
172,-0.3150169231713717
173,4.801023980656261
174,6.581133662509715
175,3.9123886849303733
176,2.8221779706851953
177,0.6900210790234025
178,0.0058002922184860976
179,-0.9083868171225227
180,-0.763593206636835
181,-0.5364659745024227
182,0.3067438747965817
183,-0.5137532512889821
184,-0.5676959689209052
185,-0.14751058947224283
186,0.14775481230249365
187,-1.3569631005879865
188,0.6815038078183617
189,-0.6102823249461071
190,0.1676284451142548
191,-0.4683278048620996
192,1.4139891314518402
193,0.7127338022368432
194,0.23860570515625856
195,0.7411247062536451
196,-1.6323548695509613
197,-0.37179873120497453
198,-0.9282604499342838
199,-1.5982857847307999
200,-0.42006326803353655
201,1.5701391035442487
202,5.539187485093101
203,8.70477328296647
204,4.97704758556043
205,5.982085587755203
206,4.326895883575675
207,2.785269795463354
208,-0.17590149348904371
209,0.07961664266216946
210,0.46005475648730965
211,0.3862384060436263
212,-0.8146968338670777
213,-0.6216386865528275
214,0.7780328814754869
215,0.9001137687477333
216,0.36920386363354474
217,0.15343299310585382
218,0.47141111809403
219,0.7240901638435636
220,0.23860570515625856
221,-0.15318877027560301
222,-0.652868680971309
223,-0.2894651095562504
224,-0.4370978104436181
225,-0.09924605264367978
226,-0.5336268841007432
227,-0.8175359242687583
228,-0.7749495682435554
229,-0.2809478383512096
230,0.09097300426888982
231,0.6020092765713172
232,0.5083192933158727
233,2.3196589695878087
234,1.5190354763140062
235,3.1174433724599306
236,2.416188043244934
237,1.0789764640535824
238,-0.1219587758571215
239,-0.6443514097662693
240,0.6928601694250821
241,0.3862384060436263
242,-0.777788658645236
243,-1.5159521630820751
244,0.18466298752433533
245,-0.5790523305276256
246,-1.4960785302703141
247,-0.8146968338670777
248,-0.19009694549744469
249,-0.44845417205033844
250,-0.11060241425040013
251,-0.763593206636835
252,-0.8118577434653981
253,0.04270846744032778
254,0.9370219439695749
255,0.46573293729066984
256,-0.4115459968284968
257,1.1641491761039873
258,2.4871653032869374
259,2.8079825186767944
260,4.162228640278228
261,8.596887847702622
262,6.314259164751781
263,5.817418344457755
264,7.038227217180219
265,4.659069460572254
266,3.5149160286951524
267,4.446137680446243
268,3.131638824468332
269,2.0726581046416355
270,1.643955453987933
271,3.492203305481711
272,0.5849747341612367
273,2.262877161554206
274,3.3644442374061043
275,3.324696971782582
276,2.1805435399054818
277,1.2237700745392706
278,2.490004393688618
279,2.291268065571007
280,2.0982099182567566
281,1.8994735901391462
282,2.9243852251456808
283,0.8490101415174907
284,1.255000068957752
285,1.9335426749593083
286,2.3224980599894893
287,0.5225147453242737
288,-0.01407334059327504
289,2.8221779706851953
290,1.998841754197952
291,1.6070472787660903
292,1.5985300075610507
293,0.9057919495510934
294,-0.16454513188232336
295,0.6616301750066006
296,-0.32921237517977164
297,0.40611203885538744
298,0.08529482346552963
299,-0.3859941832133755
300,0.159111173909214
301,-1.1837785860854975
302,-1.121318597248534
303,-0.7919841106536369
304,-0.9680077155578061
305,-1.2008131284955785
306,-0.7948232010553166
307,-1.3853540046047885
308,-0.8090186530637176
309,1.1811837185140677
310,0.8859183167393323
311,0.3493302308217836
312,2.8051434282751146
313,1.97045085018115
314,1.7603581604568193
315,2.603568009755824
316,1.5559436515358478
317,1.3259773289997558
318,0.8802401359359722
319,4.730046720614258
320,3.7619168936413248
321,-0.10492423344703995
322,3.080535197238089
323,0.9597346671830167
324,0.3748820444369049
325,-0.13331513746384185
326,0.27835297077977983
327,0.687181988621722
328,1.0931719160619835
329,2.2373253479390844
330,2.5978898289524635
331,2.8817988691204786
332,1.9874853925912306
333,2.9669715811708834
334,4.940139410338587
335,4.006078668185817
336,3.344570604594343
337,3.407030593431306
338,6.305741893546741
339,6.910468149104613
340,2.296946246374368
341,2.0584626526332346
342,3.035109750811207
343,3.5347896615069136
344,1.6269209115778516
345,2.4956825744919784
346,2.055623562231555
347,0.7240901638435636
348,-0.278108747949529
349,0.3862384060436263
350,1.8512090533105843
351,-1.2632731173325416
352,-0.26391329594112906
353,-0.48536234727218014
354,0.4770892988973912
355,-0.5790523305276256
356,0.6304001805881191
357,0.9313437631662147
358,0.24712297636129832
359,0.5225147453242737
360,1.2606782497611122
361,3.977687764169018
362,13.959929616476428
