res_4XAY_R8_G,4XAY_R8_G
34,9.76054554518602
35,12.565442037919286
36,7.1113193926145355
37,2.560084720248144
38,-0.3608569351511823
39,-1.4703619050315466
40,-1.0146723638306823
41,0.7571391441925519
42,-0.2674547310541103
43,2.237422560640079
44,1.4024634634086826
45,3.4714638026498714
46,4.815889467683476
47,1.753429321227982
48,3.663928950486261
49,-0.1287666098190652
50,0.17408296104113635
51,-0.6552153965480134
52,-0.7854124083196891
53,-0.1429184589246823
54,-1.7109433398270335
55,0.5108969697548187
56,-1.5213085618117672
57,-0.6099294794100393
58,-0.9976901449039424
59,-0.9156094200913647
60,-0.9127790502702409
61,-0.9665560768715854
62,-1.5892374375187284
63,-0.6184205888734098
64,-0.66087613619026
65,-1.2807271270162803
66,-1.0571279111475336
67,-0.4910539469228579
68,-1.4930048636005335
69,-1.4222456180724492
70,-0.816546476352046
71,-0.33821397658219476
72,-0.7769212988563186
73,-0.4910539469228579
74,0.20238665925237054
75,-0.28443694998085123
76,0.1655918515777659
77,0.08634149658631199
78,1.4845441882212602
79,-0.38916063336241546
80,-0.5250183847763378
81,0.2759762746015778
82,-0.5221880149552149
83,0.5929776945673965
84,-0.8731538727745134
85,1.4732227089367669
86,0.615620653136383
87,0.30144960299168816
88,1.784563389260339
89,3.157292752505177
90,1.2666057119947602
91,2.214779602071092
92,3.5393926783568332
93,1.1533909191498255
94,-0.23065992337950667
95,-0.49954505638622737
96,-0.3438747162244414
97,-0.39482137300466214
98,-0.2816065801597274
99,-0.13725771928243566
100,-1.1307175264967408
101,-1.6062196564454683
102,-0.9976901449039424
103,-1.8156670232085983
104,-0.9665560768715854
105,-1.6996218605425397
106,-2.3477765495797938
107,-1.8552922007043258
108,-1.0571279111475336
109,-1.2807271270162803
110,-1.1165656773911237
111,-1.2014767720248254
112,-1.572255218591988
113,-0.6325724379790268
114,-0.8222072159942927
115,0.1825740705045068
116,-1.5581033694863708
117,0.48259327154358456
118,0.7061924874123312
119,-0.5731346717354356
120,-0.22499918373726002
121,-0.06932884357547402
122,0.5165577093970654
123,-0.018382186795253285
124,-0.8618323934900202
125,-1.2552537986261694
126,-1.1986464022037024
127,-1.7194344492904035
128,-1.1307175264967408
129,-1.617541135729962
130,-1.4788530144949166
131,-1.1335478963178647
132,-1.2722360175529097
133,-2.2062580585236247
134,-2.141159552637787
135,-0.5759650415565585
136,-1.7930240646396114
137,-1.8609529403465725
138,-2.186445469775761
139,0.06652890783844827
140,-0.19952585534714964
141,-0.536339864060831
142,0.45428957333235137
143,-0.7401264911817149
144,0.15710074211439645
145,-0.10895402107120147
146,-0.7259746420760979
147,-0.32406212747657764
148,-0.21084733463164293
149,-0.6354028078001497
150,-0.9184397899124875
151,0.11181482497642235
152,-0.4372769203215134
153,-1.3373345234387475
154,-0.9863686656194491
155,0.7656302536559224
156,1.7024826644477602
157,0.34390515030853946
158,-1.1788338134558387
159,-0.5561524528086947
160,1.7251256230167478
161,-0.41746433157364965
162,2.112886288510651
163,0.5958080643885203
164,0.19106517996787625
165,-0.6891798344014942
166,-0.5080361658495979
167,-0.5108665356707206
168,-0.2929280594442207
169,-1.3967722896823382
170,-0.505205796028474
171,-1.0571279111475336
172,1.3883116143030654
173,6.638647632486933
174,6.850925369071186
175,6.890550546566912
176,2.6138617468494885
177,1.9657070578122353
178,-0.004230337689636192
179,0.3920214372676364
180,-0.44576802978488383
181,1.6968219248055136
182,-0.07498958321772065
183,-1.8835958989155595
184,-0.2702851008752341
185,-0.9608953372293377
186,-1.2694056477317865
187,-1.09675308864326
188,0.273145904780455
189,-0.5023754262073512
190,-1.0373153223996698
191,-0.026873296258623742
192,1.7194648833745012
193,0.553352517071669
194,0.29012812370719493
195,0.42032513547887057
196,-0.004230337689636192
197,-0.21367770445276674
198,-1.3005397157641434
199,-1.9288818160535337
200,-0.3580265653300585
201,0.4146643958366239
202,6.6358172626658085
203,9.514303370748284
204,11.161578606642092
205,7.940617750203685
206,10.204913607102387
207,9.718089997869166
208,0.553352517071669
209,0.22219924800023427
210,-0.1599006778514222
211,0.13162741372428607
212,-1.2156286211304423
213,-0.287267319801974
214,0.48259327154358456
215,0.4033429165521296
216,-0.5533220829875719
217,0.44013772422673425
218,0.23069035746360372
219,-0.11178439089232428
220,1.1109353718329742
221,-0.5023754262073512
222,0.6326028720631239
223,-0.5759650415565585
224,0.11464519479754517
225,-0.21367770445276674
226,-0.598608000125546
227,-1.326013044154254
228,0.5137273395759415
229,-0.3155710180132082
230,-1.6883003812580466
231,-0.7910731479619356
232,-0.5731346717354356
233,0.9297917032810789
234,1.4024634634086826
235,1.4760530787578907
236,2.6874513621986957
237,0.46844142243796744
238,-0.24481177248512376
239,-0.38349989372016885
240,-0.46275024871162374
241,-0.8250375858154165
242,-0.18254363642040874
243,-1.744907777680514
244,0.397682176909883
245,-0.6325724379790268
246,-2.0477573485407157
247,-0.6042687397677926
248,0.6241117625997534
249,-0.505205796028474
250,-0.5872865208410527
251,-1.376959700934475
252,0.4571199431534742
253,-0.46558061853274657
254,0.40617328637325345
255,1.0316850168415204
256,-0.23915103284287711
257,0.7543087743714291
258,5.882938890246991
259,11.229507482349051
260,13.329641889622598
261,15.274105956734362
262,12.87678271824286
263,15.766590305609826
264,16.819487879067722
265,13.604187762271566
266,10.043582527298357
267,9.132203444896628
268,9.101069376864272
269,9.53694632931727
270,8.458575427469265
271,8.116100679113336
272,5.367811582802536
273,7.450963771149342
274,6.3046639935943745
275,5.0366583137311
276,3.8762066870705145
277,2.5261202823946634
278,2.455361036866579
279,2.393092900801865
280,1.1986768362877995
281,1.2439627534257736
282,1.923251510495384
283,-0.8873057218801305
284,1.1165961114752219
285,1.2581146025313907
286,1.6883308153421441
287,1.0741405641583706
288,-0.6438939172635201
289,2.124207767795144
290,1.0118724280936566
291,3.1601231223263007
292,1.4449190107255339
293,0.646754721168741
294,0.646754721168741
295,0.09766297587080526
296,-0.44859839960600667
297,0.23635109710585037
298,-0.6891798344014942
299,0.6184510229575069
300,-0.42312507121589626
301,-0.5816257811988051
302,-0.10895402107120147
303,-0.12027550035569474
304,-1.8977477480211766
305,-1.3826204405767217
306,-0.37217841443567556
307,-0.380669523899046
308,-0.2702851008752341
309,0.029734100163844628
310,1.0062116884514098
311,0.677888789201098
312,4.974390177666386
313,0.5448614076082986
314,2.1949670133232284
315,3.055399438944735
316,3.743179305477716
317,3.3667401192683073
318,1.0571583452316307
319,5.764063357759809
320,3.202578669643151
321,2.727076539694423
322,1.5411515846437285
323,1.5977589810661958
324,1.6345537887407995
325,-0.2702851008752341
326,0.8845057861431047
327,1.5977589810661958
328,1.45907085983115
329,1.7251256230167478
330,2.463852146329949
331,3.063890548408106
332,4.213020695784198
333,4.071502204728029
334,5.19515902371401
335,2.718585430231054
336,1.5213389958958647
337,4.340387337734748
338,4.858345015000326
339,5.076283491226827
340,3.9384748231352287
341,1.5383212148226046
342,3.0072831519856384
343,2.984640193416651
344,1.068479824516124
345,0.7939339518671565
346,3.13464979393619
347,1.2666057119947602
348,-1.0571279111475336
349,-1.371298961292228
350,0.8986576352487208
351,0.615620653136383
352,0.17408296104113635
353,-0.07215921339659784
354,-0.7486176006450844
355,-0.5108665356707206
356,-0.5703043019143118
357,0.001430401952610444
358,-0.03819477554311701
359,1.2184894250356633
360,1.6713485964154031
361,4.351708817019242
362,12.907916786275216
