res_4XD5_R2_A,4XD5_R2_A
34,7.4949625997456835
35,9.210563533435513
36,2.6098304029554145
37,-0.08058566921123711
38,-0.528374097660892
39,-0.32751426761557356
40,-1.224933875249244
41,0.037350377787849075
42,0.15712917552129563
43,0.10184665349047421
44,0.5828045951586224
45,0.9495119912964054
46,1.8819438628829301
47,1.2793643727469748
48,0.5975466010335079
49,0.5348930760652434
50,0.11658865936535999
51,0.1294879145058851
52,-0.3569982793653451
53,-0.37542578670895227
54,-0.9061379982048394
55,-0.9614205202356612
56,-0.976162526110547
57,-1.092255822375272
58,-0.32935701834993425
59,-0.37911128817767364
60,-0.6315681387850921
61,-0.8361134702991323
62,-1.0554008076880579
63,-0.699749915956439
64,-0.07505741700815474
65,-0.44545031461465945
66,-0.5707573645511883
67,0.1902986887397892
68,-0.6352536402538138
69,-0.8471699747052963
70,-0.7273911769718499
71,0.6104458561740329
72,1.0416495280144413
73,0.08526189688122776
74,-0.14139644344514057
75,0.33219049528556455
76,-0.44729306534902014
77,0.6804703840797407
78,0.6602001260017722
79,-0.16535220299183007
80,-0.5836566196917135
81,0.08526189688122776
82,-0.4214945550679703
83,-0.25748973970986605
84,0.625187862048919
85,0.32297674161376083
86,-0.25564698897550536
87,-0.19483621474160162
88,-0.2722317455847518
89,0.24742396150497126
90,-0.11928343463281206
91,-0.05478715893018693
92,0.7965636803444659
93,-0.05847266039890829
94,0.37825926364458257
95,-0.24827598603806234
96,-0.8287424673616892
97,-1.3889386906073482
98,-1.4073661979509555
99,-1.7040490661830312
100,-0.4896763322393168
101,-1.0480298047506151
102,-1.6063832772619133
103,-1.0996268253127153
104,-1.4644914707161376
105,-0.7605606901903428
106,-1.3225996641703621
107,-1.0885703209065507
108,-0.9577350187669398
109,-0.48230532930187403
110,-0.7347621799092925
111,-0.043730654524022514
112,-0.7476614350498176
113,-1.0388160510788114
114,-0.5652291123481064
115,0.11290315789663863
116,-0.5707573645511883
117,-0.24643323530370165
118,0.5883328473617048
119,0.4059005246599931
120,0.5164655687216365
121,0.5864900966273437
122,-0.6721086549410281
123,-0.5449588542701385
124,-1.455277717044334
125,-0.6518383968630602
126,-0.7918874526744749
127,-0.9208800040797253
128,-1.5216167434813204
129,-1.7151055705891958
130,-1.3557691773888552
131,-1.068300062828583
132,-0.9982755349228755
133,-1.2599461392020976
134,-1.0664573120942222
135,-0.1506101971169443
136,-0.5302168483952527
137,-0.6002413763009599
138,-0.57444286601991
139,0.5127800672529153
140,-0.5947131240978779
141,-0.567071863082467
142,-0.3238287661468519
143,-1.0369733003444508
144,-0.6352536402538138
145,-0.9798480275792684
146,-0.7863592004713926
147,-0.8287424673616892
148,-0.5560153586763026
149,-0.5910276226291565
150,-1.501346485403352
151,-1.0590863091567793
152,-0.6297253880507314
153,-1.1438528429373724
154,-0.7366049306436532
155,0.1497581725838529
156,0.2861217269265465
157,-0.4620350712239059
158,-0.8011012063462783
159,-0.6205116343789281
160,-0.06584366333635133
161,0.23268195563008517
162,0.5551633341432112
163,-0.9300937577515289
164,-0.4417648131459381
165,-0.4601923204895452
166,-1.4571204677786949
167,-1.3797249369355447
168,-0.7366049306436532
169,-1.0406588018131722
170,-1.4589632185130557
171,0.033664876319127714
172,-0.0068756398368082445
173,4.321745835176523
174,4.802703776844671
175,4.585259190190106
176,1.2572513639346459
177,1.1135168066545096
178,0.3561462548322537
179,0.035507627053488394
180,-0.012403892039890287
181,0.22715370342700344
182,-0.6757941564097495
183,-1.0074892885946791
184,-0.6407818924568959
185,-0.5228458454578097
186,-1.224933875249244
187,-0.48230532930187403
188,-0.4343938102084954
189,-0.9485212650951361
190,-1.0388160510788114
191,-0.9669487724387432
192,-0.32567151688121254
193,-0.21694922355393012
194,-0.003190138368086555
195,0.3266622430824822
196,-0.7108064203626033
197,-1.1272680863281261
198,-0.7292339277062105
199,-1.3410271715139694
200,-0.8711257342519859
201,0.10921765642791727
202,0.9771532523118166
203,2.8254322388756186
204,2.1620419745057595
205,3.5735890370260703
206,3.0299775703896588
207,1.1135168066545096
208,1.4765387013235711
209,0.2990209820670716
210,1.2977918800905817
211,0.1516009233182139
212,-0.05110165746146556
213,0.15344367405257425
214,0.7468094105167266
215,-0.8250569658929678
216,-0.9061379982048394
217,0.04472138072529213
218,0.2805934747234642
219,-0.5597008601450243
220,-0.30908676027196613
221,0.254794964442414
222,0.11290315789663863
223,-0.15982395078874803
224,-0.38463954038075565
225,-0.7237056755031281
226,-1.1106833297188796
227,-0.9300937577515289
228,-0.5947131240978779
229,0.20504069461467464
230,-0.2427477338349803
231,-0.010561141305529606
232,1.039806777280081
233,2.431083581722425
234,2.2670787663643206
235,4.623956955611681
236,2.543491376518429
237,1.6460717688847577
238,3.4372254826833784
239,1.579732742447772
240,0.21793994975519973
241,0.4464410408159287
242,2.0772754407251663
243,0.485138806237504
244,0.8131484369537124
245,2.7554077109699113
246,1.0213792699364737
247,0.42985628420668226
248,0.6933696392202652
249,-0.4988900859111205
250,-0.22800572796009452
251,0.34508975042608964
252,-1.1862361098276692
253,0.11106040716227794
254,0.8794874633906982
255,0.43354178567540363
256,0.19766969167723192
257,2.0238356694287054
258,11.707490778494291
259,16.467315925348032
260,22.8911449853295
261,23.462397712981325
262,23.180456850624136
263,23.410800692419226
264,20.89176043854812
265,25.294091942935882
266,24.47775336761408
267,21.79655104911923
268,21.7744380403069
269,22.778737190533498
270,22.11534692616364
271,19.10797772768694
272,16.705030770080562
273,16.587094723081474
274,19.305152056263537
275,15.897905948430568
276,6.319287631223545
277,2.237594754614549
278,1.8579881033362404
279,2.974695048358837
280,2.808847482266372
281,2.180469481849366
282,3.0502478284676267
283,0.8020919325475476
284,-0.4214945550679703
285,1.2554086132002849
286,1.3604454050588461
287,1.8837866136172905
288,0.8297331935629588
289,2.926783529265458
290,1.6847695343063331
291,0.7928781788757445
292,2.434769083191146
293,1.8248185901177474
294,0.3561462548322537
295,0.6086031054396726
296,-0.8821822386581503
297,-0.528374097660892
298,-0.8140004614868035
299,-0.5412733528014171
300,-0.5081038395829239
301,-0.9540495172982182
302,-0.45650681902082385
303,-0.14323919417950157
304,-0.3606837808340665
305,-0.7089636696282423
306,-0.6352536402538138
307,-0.47124882489570963
308,0.10184665349047421
309,1.1595855750135275
310,1.7437375578058762
311,1.1116740559201492
312,2.4605675934721956
313,1.419413428558389
314,2.309462033254617
315,2.2210099980053024
316,1.3862439153398962
317,0.18845593800542818
318,0.21241169755211736
319,2.6098304029554145
320,1.9390691356481122
321,1.0158510177333913
322,1.085875545639099
323,0.9181852288122735
324,0.0133946182411599
325,0.3616745070353361
326,-0.7218629247687675
327,0.05393513439709553
328,-0.10638417949228697
329,-0.1266544375702551
330,0.9421409883589626
331,0.6215023605801977
332,0.5201510701903579
333,0.8776447126563371
334,1.2922636278874993
335,2.0293639216317874
336,0.8739592111876159
337,1.6810840328376118
338,3.536734022338857
339,1.6350152644785938
340,1.375187410933732
341,0.8334186950316802
342,2.6079876522210537
343,2.8770292594377187
344,3.225309148231894
345,1.7105680445873832
346,0.21425444828647836
347,0.7081116450951513
348,0.717325398766955
349,0.07236264174070267
350,-0.28328824999091623
351,-0.9687915231731039
352,0.3340332460199249
353,-0.32014326467813053
354,-0.290659252928359
355,0.5293648238621617
356,0.5090945657841932
357,-0.10085592728920494
358,-0.08611392141431916
359,0.3211339908793998
360,0.4316990349410433
361,3.9200261750858862
362,6.3690419010512835
363,9.160809263607774
364,9.588327433979462
