res_4XD5_R2_G,4XD5_R2_G
34,10.016524847829492
35,6.695799676090267
36,3.8863446908535737
37,1.0490482598172388
38,0.6997646670580826
39,-0.9099771082667255
40,-1.4288404163509798
41,0.6542059375677579
42,-0.6239695286885759
43,1.6489048647731814
44,1.1604140430158107
45,2.0057815791140587
46,2.944797614720196
47,2.567672576161397
48,1.7931741748258767
49,0.611178248604673
50,0.7124198696942832
51,-0.14307182851292571
52,0.5099366275150629
53,0.6871094644218811
54,-1.0010945672473748
55,0.15305991317418557
56,-1.0643705804283814
57,-1.0112187293563362
58,-1.0896809857007845
59,-1.6363857395846815
60,-0.1000441395498408
61,-1.1732053230997133
62,-1.5073026726954275
63,-0.8467010950857189
64,-1.2466054983896806
65,-1.8565862654545842
66,-1.7350963201470515
67,-1.4743991458413044
68,-2.09956615606965
69,-2.5627465725546177
70,-1.363033362642733
71,-0.7834250819047123
72,-1.5528614021857527
73,-1.271915903662083
74,-0.5606935155075693
75,-0.31771362489250377
76,-1.8262137791277013
77,1.747615445335551
78,-0.37339651649178973
79,-1.1428328367728298
80,-1.23901237680796
81,0.6592680186222384
82,-1.537675159022311
83,0.026507886812172397
84,0.22392904793691237
85,0.2644256963727566
86,-0.13547870693120465
87,0.5301849517329845
88,0.09737702157489916
89,3.1903085458625022
90,1.7349602426993505
91,1.4843872305025638
92,1.7830500127169149
93,0.5757436812233092
94,-0.19622367958497147
95,-1.481992267423025
96,0.3757914795713285
97,0.4289433306433743
98,-1.3706264842244535
99,-1.481992267423025
100,-1.4541508216233823
101,-1.469337064786824
102,-1.2795090252438042
103,-2.29192523613991
104,-1.4921164295319864
105,-1.5984201316760773
106,-1.4541508216233823
107,-1.5807028479853955
108,-1.1301776341366288
109,-1.0998051478097453
110,-1.1605501204635116
111,-0.8618873382491606
112,-1.3225367142068887
113,-0.8897287840488034
114,0.39350876326201045
115,-0.4594518944179587
116,-1.9882003728710778
117,-0.4670450159996793
118,0.3226396284992828
119,0.2720188179544777
120,-0.03929916689607486
121,-0.6695282581789006
122,0.4188191685344126
123,0.006259562594249817
124,-0.9023839866850049
125,-1.4339024974054602
126,-1.8110275359642596
127,-1.9983245349800391
128,-1.6186684558939994
129,-1.7578756848922137
130,-1.7629377659466947
131,-0.42907940809107525
132,-1.14536387730007
133,-1.0010945672473748
134,-1.8818966707269869
135,-0.2696238548749389
136,-1.3098815115706872
137,-1.499709551113707
138,-0.7378663524143876
139,-0.3936448407097119
140,-0.11776142324052272
141,0.5377780733147056
142,0.7200129912760043
143,-1.0871499451735442
144,0.008790603121490477
145,-0.38858275965523104
146,-1.2238261336445182
147,-0.4771691781086406
148,1.2565935830509405
149,0.021445805757691977
150,-1.3326608763158496
151,-0.48729334021760146
152,-0.811266527704355
153,-0.8871977435215631
154,-1.0694326614828622
155,0.8617512608014587
156,-0.289872179092861
157,0.4112260469526924
158,-0.9150391893212059
159,-1.203577809426596
160,1.7450844048083114
161,-0.11776142324052272
162,0.747854437075647
163,-1.0846189046463035
164,-0.5404451912896472
165,-0.4113621244003933
166,0.18090135897382834
167,-0.5556314344530885
168,-1.23901237680796
169,-2.1400628045054937
170,-1.1782674041541936
171,0.11003222421110066
172,-0.1380097474584453
173,6.840068986142962
174,8.73075625999144
175,4.511511701081918
176,2.7701558183406183
177,0.6086472080774323
178,-0.4847622996903612
179,-0.7682388387412706
180,-0.8365769329767581
181,-0.13547870693120465
182,-0.0367681263688342
183,-1.681944469075006
184,-0.742928433468868
185,-1.1858605257359143
186,-0.13547870693120465
187,-0.9681910403932517
188,0.6010540864957121
189,0.48715726276990046
190,1.4185801767943176
191,-1.0086876888290959
192,1.0389240977082779
193,0.2821429800634385
194,1.021206814017596
195,0.3833846011530496
196,0.031569967866652816
197,-0.6214384881613353
198,-0.5480383128713678
199,-1.62626157747572
200,-0.6973697039785434
201,-0.021581883205392942
202,2.0867748759857463
203,4.344463026284062
204,3.8205376371453275
205,3.4940334091313336
206,2.9802321821015596
207,1.72989816164487
208,0.21886696688243193
209,-0.8011423655953942
210,0.23152216951863344
211,0.24417737215483493
212,0.6567369780949976
213,-0.8593562977219203
214,1.0515793003444784
215,0.30239130428136113
216,-0.4467966917817572
217,1.3173385557047064
218,-0.3658033949100687
219,-0.44173461072727677
220,1.5628494868470126
221,-0.10763726113156187
222,-0.23925136854805548
223,-0.059547491113996535
224,-0.2949342601473415
225,-0.4543898133634783
226,-0.13547870693120465
227,-1.4364335379327005
228,0.29986026375412045
229,-1.4389645784599405
230,-1.097274107282505
231,-0.29746530067458166
232,-0.4797002186358808
233,2.380375577145617
234,3.149811897426658
235,4.286249094157537
236,1.5805667705376936
237,1.3299937583409078
238,0.47703310066093874
239,-0.4645139754724391
240,1.5324770005201291
241,-0.18356847694876996
242,-1.152956998881791
243,-0.8036734061226344
244,-0.3835206786007506
245,-0.798611325068154
246,-1.1656122015179922
247,-0.17091327431256848
248,0.21886696688243193
249,0.13028054842902326
250,0.449191654861296
251,-0.8315148519222771
252,-1.4642749837323432
253,0.35301211482616623
254,0.16065303475590575
255,0.3732604390440879
256,-1.1580190799362715
257,0.9427445576731472
258,3.4408815580592877
259,3.868627407162892
260,7.305780443155172
261,8.73581834104592
262,8.508024693594297
263,8.06003052027277
264,10.869485505509463
265,8.224548154543387
266,6.040260179535039
267,6.948903728814293
268,3.93696550139838
269,4.106545216723478
270,3.4079780312051646
271,4.066048568287632
272,3.5446542196761386
273,2.808121426249222
274,3.6180543949661064
275,3.4206332338413663
276,0.6339576133498354
277,0.7858200449842515
278,1.1224484351072062
279,1.466669946811882
280,0.4618468574974975
281,1.2565935830509405
282,3.0688186005549696
283,0.5985230459684715
284,2.0766507138767856
285,0.9883032871634719
286,2.5879209003793187
287,-0.08738893691364019
288,-0.03423708584159444
289,2.5803277787975984
290,1.876698512224805
291,1.0009584897996735
292,1.1528209214340897
293,0.42641229011613363
294,0.7225440318032449
295,0.4922193438243809
296,-0.4265483675638351
297,0.0011974815397693974
298,-0.5480383128713678
299,0.05941141366629557
300,0.15559095370142534
301,-0.6847145013423419
302,-1.7528136038377333
303,-1.6870065501294866
304,-1.0669016209556221
305,-0.7403973929416279
306,-1.1985157283721157
307,-1.3883437679151356
308,0.380853560625809
309,0.6896405049491209
310,0.4289433306433743
311,-0.6771213797606213
312,1.8134224990437984
313,0.9807101655817517
314,0.5529643164781468
315,2.782811020976819
316,1.4008628931036355
317,1.5476632436835704
318,2.0488092680771426
319,4.89876090174968
320,4.1318556219958795
321,1.0667655435079206
322,2.5119896845621117
323,2.4790861577079872
324,0.49475038435162066
325,-0.23672032802081572
326,0.8516270986924979
327,0.7276061128577254
328,0.07712869735697749
329,1.183193407760973
330,2.8106524667764625
331,2.97770114157432
332,2.2285131455112017
333,3.6231164760205865
334,3.731951218691918
335,2.4259343066359427
336,1.2135658940878555
337,3.2232120727166254
338,4.8936988206951995
339,5.701100748884843
340,2.5043965629803906
341,1.2920281504323043
342,2.603107143542761
343,3.699047691837795
344,0.8693443823831798
345,1.747615445335551
346,2.107023200203669
347,1.4362974604849994
348,0.8187235718383747
349,-0.059547491113996535
350,0.2796119395361988
351,-0.6340936907975367
352,0.023976846284931734
353,-1.3731575247516938
354,0.474502060133699
355,0.4289433306433743
356,-0.05448541005951612
357,-0.6821834608151016
358,0.3099844258630813
359,0.3150465069175617
360,1.7248360805903886
361,3.104253167936333
362,12.135005769129595
