res_5W6B_S1_G,5W6B_S1_G
34,1.8001128285910226
35,1.9074105433618698
36,0.639764684569152
37,-0.05920328593807707
38,0.09867763722473982
39,-0.4837956715312851
40,-1.1337132581432705
41,-0.2569376460157807
42,-0.09292542486605783
43,0.9447967594177021
44,1.003044090293305
45,0.8742868325682885
46,0.805309730215602
47,1.2620914302400632
48,0.9539937063980608
49,0.36232345066167776
50,0.7424639258498198
51,0.5156059003343159
52,-0.06533458392498301
53,-0.41328574468187146
54,-0.11591779231695333
55,-1.1168521886792804
56,-1.3329804427177
57,-1.7085224444156635
58,-1.5644369417233834
59,-1.6579392360236926
60,-2.22661712430918
61,-2.1116552870547016
62,-2.327783541093121
63,-2.1576400219564933
64,-2.3446446105571117
65,-2.474934692778854
66,-2.366104153511281
67,-2.3446446105571117
68,-2.6420125629220297
69,-2.727850734738707
70,-2.194427809877926
71,-1.7161865668992955
72,-1.9047239799966404
73,-1.42188426352783
74,-1.6318812195793444
75,-1.3406445652013321
76,-1.6564064115269665
77,-1.3544399856718696
78,-1.2716674628486446
79,-1.7008583219320315
80,-1.052473559816772
81,-0.6799972071122615
82,-1.1459758541170812
83,-0.8072216403405514
84,-0.8654689712161538
85,-0.04847351446099236
86,0.0741524452771177
87,0.0741524452771177
88,-0.05000633895771898
89,0.8037769057188748
90,0.08028374326402364
91,0.31174024226970687
92,0.849761640620667
93,0.8635570610912038
94,0.8620242365944777
95,0.24276313991701984
96,0.19217993152504897
97,-0.315184976891383
98,-0.5083208634789067
99,-0.9421101960524728
100,-1.5337804517888558
101,-1.6732674809909567
102,-1.6395453420629764
103,-2.001291923290402
104,-2.143844601485956
105,-1.8955270330162817
106,-2.0503423071856464
107,-2.3017255246487727
108,-2.2480766672633496
109,-1.6809316034745887
110,-1.8725346655653863
111,-1.267068989358466
112,-1.4249499125212828
113,-1.558305643736478
114,-0.6478078926810074
115,-1.336046091711153
116,-1.2195514299599477
117,-0.9022567591375867
118,-0.6186842272432065
119,-0.4378109366294936
120,-0.40408879770151285
121,-0.11438496782022725
122,-0.3504399403160898
123,-0.49759109200182255
124,-0.9988247024313491
125,-0.2094200866172625
126,-1.2548063933846545
127,-1.6395453420629764
128,-1.4234170880245567
129,-1.5368461007823087
130,-1.5797651866906475
131,-1.4847300678936117
132,-2.1392461279957766
133,-1.867936192075207
134,-2.1009255155776168
135,-1.9399789434213472
136,-2.0426781847020146
137,-2.415154537406525
138,-1.7836308447552558
139,-2.0595392541660047
140,-1.308455250770078
141,-1.248675095397749
142,-1.3375789162078788
143,-1.1245163111629124
144,-0.8286811832947208
145,-1.268601813855192
146,-1.164369748077798
147,-1.1367789071367231
148,-0.8945926366539553
149,-0.9651025635033683
150,-1.4847300678936117
151,-1.0540063843134988
152,-1.308455250770078
153,-1.524583504808498
154,-1.0739331027709416
155,-0.4301468141458616
156,-0.580363614825047
157,-1.0064888249149806
158,-1.762171301801087
159,-1.506189610847781
160,-0.8853956896735966
161,-1.1260491356596385
162,-0.6125529292563011
163,-1.1183850131760065
164,-1.179697993045062
165,-1.055539208810225
166,-0.914519355111398
167,-0.9436430205491995
168,-1.2195514299599477
169,-1.1413773806269025
170,-1.6134873256186277
171,-0.8409437792685317
172,-0.9375117225622935
173,1.3969799859519851
174,1.697413587310356
175,0.49261353288342036
176,-0.10365519634314253
177,0.14006389863635205
178,-0.7765651504060234
179,-1.5705682397102894
180,-0.9574384410197369
181,-0.9283147755819354
182,-0.914519355111398
183,-1.5107880843379604
184,-1.121450662169459
185,-0.770433852419118
186,-0.6386109457006494
187,-1.0064888249149806
188,-0.5236491084461707
189,-0.37189948327025923
190,-0.6631361376482714
191,-0.3964246752178814
192,0.1829829845446909
193,0.5339997942950321
194,-0.05307198795117168
195,0.14466237212653135
196,-0.3964246752178814
197,-0.28452848695685545
198,-0.8547391997390691
199,-0.770433852419118
200,-1.1766323440516093
201,-1.2057560094894102
202,0.22130359696285043
203,0.10787458420509846
204,0.336265434217329
205,0.7777188892745271
206,1.0597585966721808
207,0.4404974999947229
208,-0.6309468232170173
209,-0.41481856917859755
210,0.020503587891694687
211,-0.28606131145358155
212,-0.5788307903283204
213,-0.06686740842170909
214,0.21823794796939772
215,-0.1971574906434517
216,-0.16190252721874487
217,0.4895478838899671
218,0.5447295657721167
219,0.3056089442828015
220,0.7961127832352434
221,0.35159367918459306
222,0.6796181214840387
223,0.4757524634194303
224,0.593779949667361
225,0.0741524452771177
226,-0.2875941359503082
227,-0.46846742656402107
228,-0.12358191480058534
229,-0.6447422436875547
230,-0.8777315671899646
231,-0.2308796295714319
232,0.517138724831042
233,-0.31671780138810907
234,0.26728833186464196
235,0.9401982859275229
236,0.8696883590781092
237,1.2038440993644612
238,1.4169067044094272
239,0.774653240281074
240,0.6520272805429639
241,1.2513616587629783
242,1.2651570792335163
243,0.6964791909480288
244,0.9463295839144282
245,1.5701891540820654
246,1.277419675207327
247,1.062824245665634
248,0.40830818556346876
249,0.16918756407415347
250,0.03276618386550548
251,-0.4086872711916921
252,-0.21095291111398912
253,-0.3519727648128159
254,-0.09292542486605783
255,-0.05000633895771898
256,-0.25233917252560134
257,-0.4301468141458616
258,-0.05307198795117168
259,-0.10672084533659523
260,1.0291021067376538
261,2.22930368767441
262,0.9754532493522302
263,1.395447161455259
264,1.8690899309437101
265,0.21977077246612434
266,0.28874787481881137
267,-0.535911704419982
268,-0.6600704886548188
269,-0.36116971179317453
270,-0.07913000439552041
271,-0.459270479583663
272,-0.6294139987202912
273,-0.5144521614658126
274,0.06955397178693892
275,0.3546593281780452
276,0.6106410191313512
277,0.42057078153727956
278,1.0597585966721808
279,0.9463295839144282
280,0.39451276509293187
281,0.743996750346547
282,1.291215095677864
283,0.9340669879406175
284,0.9754532493522302
285,1.683618166839818
286,1.7050777097939873
287,1.4383662473635968
288,1.8767540534273417
289,2.4791540806408094
290,2.336601402445256
291,2.3887174353339535
292,1.668289921872554
293,1.5671235050886132
294,1.3770532674945417
295,0.8451631671304876
296,0.54779521476557
297,0.04502877983931681
298,-0.06686740842170909
299,-0.503722389988728
300,-0.6539391906679134
301,-1.1980918870057782
302,-0.8884613386670493
303,-1.496992663867423
304,-1.5123209088346865
305,-1.8618048940883016
306,-2.0947942175907115
307,-1.8878629105326497
308,-1.8219514571734154
309,-1.187362115528694
310,-1.5475758722593933
311,-1.2885285323126352
312,0.07875091876729702
313,-0.6432094191908286
314,-0.6769315581188089
315,-0.5098536879756334
316,-0.845542252758711
317,-0.6631361376482714
318,-0.4010231487080601
319,0.8252364486730442
320,0.41903795704055347
321,0.42057078153727956
322,0.41443948355037413
323,0.15079367011343675
324,-0.3427758178324578
325,-0.03621091848718157
326,0.03583183285895817
327,0.26575550736791537
328,0.49261353288342036
329,0.9616578288816923
330,1.2958135691680432
331,1.0582257721754547
332,1.3157402876254867
333,1.6054441175067728
334,1.9487968047734825
335,1.8460975634928147
336,1.867557106446984
337,2.488351027621168
338,3.293083888402518
339,3.213377014572747
340,3.224106786049832
341,2.6370350038036268
342,2.952796850129262
343,2.6201739343396366
344,2.58951744440511
345,2.1511296383413647
346,1.6299693094543943
347,1.623838011467489
348,1.56405785609516
349,0.9754532493522302
350,0.6581585785298693
351,0.8742868325682885
352,1.1624578379528485
353,0.7363326278629144
354,0.4972120063735986
355,0.5615906352361069
356,0.774653240281074
357,0.18145016004796483
358,0.5799845291968241
359,0.39757841408638406
360,1.1210715765412358
361,2.172589181295533
362,5.699618348262938
363,5.498818339191781
