res_5WCP_S6_G,5WCP_S6_G
35,6.881823931719493
36,3.3899553584152144
37,0.7022746989628319
38,-0.576565479831722
39,-0.9151709172430462
40,-1.855405658626276
41,-0.9484268084173725
42,0.5329719802571692
43,1.9176263582427622
44,1.4459973561341317
45,2.431581040027806
46,4.7534468965626
47,2.9787916129871785
48,2.2532085328200564
49,0.6992514361288017
50,1.1104151815568377
51,0.046226663978391265
52,-0.3860999212878526
53,-0.8033101923839479
54,-0.6249376851761969
55,-1.0542410076084117
56,-1.6588935744143471
57,-2.012615325995819
58,-1.1872645723057167
59,-0.6219144223421678
60,-1.9309872294770178
61,-2.2212204615438673
62,-2.626337681303844
63,-1.834242818788068
64,-1.5893585292316645
65,-2.269592666888342
66,-2.5205234821128046
67,-2.1758715190334215
68,-2.9588965930471085
69,-2.160755204863274
70,-2.0912201596805913
71,-1.2507530918203402
72,-1.4381953875301805
73,-1.5137769583809226
74,-0.4102860239600895
75,-0.8154032437200662
76,-1.4442419131982398
77,-0.857728923396482
78,-0.08982016355294403
79,-2.033778165834027
80,-0.7730775640436517
81,-0.4949373833129208
82,-0.7337751472012651
83,-0.6823796790227611
84,-0.50098390898098
85,0.14901760033540026
86,0.6115768139419413
87,0.12785476049719244
88,0.31529705620703274
89,1.7694864793753073
90,0.7778562698135738
91,0.4573904094064273
92,1.7241375368648626
93,1.9690218264212662
94,1.297857477266678
95,0.3062272677049434
96,-0.20470415124607147
97,-0.5826120054997812
98,-0.9454035455833434
99,-1.5168002212149516
100,-1.8705219727964244
101,-1.5168002212149516
102,-2.057964268506265
103,-1.6891262027546434
104,-2.0912201596805913
105,-1.707265779758822
106,-2.060987531340294
107,-1.8100567161158312
108,-2.1819180447014817
109,-1.9400570179791072
110,-1.4109860220239134
111,-1.2809857201606374
112,-1.5923817920656935
113,-2.033778165834027
114,-1.0844736359487077
115,-0.9937757509278183
116,-1.087496898782738
117,-1.4895908557086845
118,-1.1267993156251235
119,-0.7156355701970875
120,-0.2500530937565173
121,0.06134297814853987
122,-0.6067981081720192
123,-0.7549379870394729
124,-1.5923817920656935
125,-1.1116830014549748
126,-2.0186618516638783
127,-1.3777301308495873
128,-2.2514530898841634
129,-1.450288438866299
130,-2.015638588829849
131,-1.3565672910113795
132,-1.498660644210774
133,-1.731451882431059
134,-1.3867999193516756
135,-1.4956373813767438
136,-1.4714512787045069
137,-1.8161032417838903
138,-1.834242818788068
139,-0.7186588330311175
140,-0.5916817940018706
141,-0.7609845127075322
142,-0.23796004242039884
143,0.05529645248048064
144,0.4876230377467245
145,-1.2749391944925783
146,-0.8940080774048383
147,-0.8698219747326015
148,-0.4586582293045644
149,-1.1237760527910943
150,-1.652847048746288
151,0.08552908082077677
152,-0.6733098905206718
153,-1.474474541538537
154,-1.2840089829946666
155,0.14901760033540026
156,0.3304133703771814
157,-0.42842560096426824
158,-0.9937757509278183
159,-0.8456358720603635
160,-0.3105183504371106
161,0.1369245489992818
162,0.656925756452386
163,-0.6612168391845533
164,-0.6188911595081377
165,-1.0542410076084117
166,-1.3172648741689927
167,-1.4654047530364476
168,-1.4956373813767438
169,-1.4835443300406252
170,-1.4956373813767438
171,0.05227318964645049
172,-0.3195881389392
173,3.8434447835196663
174,7.6678722685672085
175,7.1176384327738065
176,2.431581040027806
177,0.9592520398553538
178,0.5752976599335848
179,-0.8365660835582741
180,-0.9242407057451356
181,-0.2802857220968134
182,-0.4858675948108314
183,-1.1872645723057167
184,-1.2356367776501918
185,-0.4798210691427722
186,-1.1328458412931826
187,-0.6823796790227611
188,-0.48889085764486157
189,0.040180138310332035
190,-0.7730775640436517
191,-0.28330898493084355
192,0.6780885962905939
193,1.1648339125693719
194,0.7113444874649202
195,0.6871583847926832
196,-0.34377424161143694
197,-0.10795974055712171
198,-1.2598228803224296
199,-1.1600552067994496
200,-0.9726129110896105
201,-0.884938288902749
202,0.9441357256852052
203,3.683211853316093
204,4.847168044417519
205,5.379262303206742
206,7.0843825415994806
207,3.35065294157283
208,1.2162293807478768
209,0.08552908082077677
210,0.7657632184774543
211,1.0529731877102746
212,-0.46772801780665374
213,-0.18354131140786364
214,1.2766946374284702
215,0.5420417687592586
216,0.8111121609879001
217,0.4936695634147837
218,1.143671072731164
219,1.2071595922457876
220,1.325066842772945
221,-0.01423859270220208
222,0.7657632184774543
223,-0.2893555105989028
224,-0.4374953894663565
225,-0.08982016355294403
226,-0.8214497693881265
227,-0.703542518860969
228,-0.6914494675248505
229,-0.08679690071891495
230,-0.038424695374440064
231,0.43622756956821945
232,1.6757653315203878
233,3.078559286510157
234,5.992984658514767
235,9.043456858050712
236,6.053449915195362
237,2.603907021567498
238,1.4580904074702514
239,0.7627399556434252
240,0.5420417687592586
241,0.08855234365480692
242,-0.37098360711770395
243,-0.5886585311678404
244,0.14901760033540026
245,-0.08679690071891495
246,0.20645959418196452
247,-0.23796004242039884
248,-0.6823796790227611
249,-0.8002869295499188
250,-0.5614491656615734
251,-0.2349367795863687
252,-0.7972636667158886
253,-0.09586668922100325
254,1.1406478098971349
255,2.4648369312021345
256,1.5608813438272604
257,3.396001884083275
258,6.506939340299813
259,8.59601395861432
260,-1.0
261,-1.0
262,-1.0
263,-1.0
264,-1.0
265,-1.0
266,-1.0
267,-1.0
268,-1.0
269,-1.0
270,-1.0
271,-1.0
272,-1.0
273,-1.0
274,-1.0
275,-1.0
276,5.956705504506411
277,3.3687925185770067
278,3.371815781411038
279,3.6680955391459453
280,3.8585610976898157
281,3.5169323974444615
282,2.742977111932863
283,1.3099505286027966
284,1.4187879906278646
285,2.6250698614057058
286,1.9448357237490292
287,0.7113444874649202
288,0.6690188077885045
289,1.7785562678773967
290,2.238092218649909
291,1.4671601959723397
292,0.3908786270577747
293,0.06134297814853987
294,-0.0021455413660836265
295,-0.32563466460725926
296,-0.5161002231511287
297,-0.5281932744872471
298,-0.40121623545800117
299,-0.47679780630874313
300,-0.40423949829203026
301,-1.1449388926293023
302,-0.703542518860969
303,-1.16307846963348
304,-1.6377307345761394
305,-1.858428921460306
306,-1.7254053567629999
307,-1.6588935744143471
308,-0.05656427237861774
309,1.627393126175913
310,3.4504206150958088
311,0.48157651207866525
312,3.8011191038432504
313,2.0536731857740973
314,0.5722743970995559
315,3.096698863514336
316,3.411118198253422
317,1.5880907093335275
318,2.4013484116875112
319,4.073212758905924
320,3.374839044245067
321,2.407394937355569
322,3.894840251698171
323,1.6727420686863577
324,0.8866937318386421
325,0.20645959418196452
326,0.681111859124624
327,0.3515762102153892
328,0.36366926155150764
329,2.0083242432636528
330,1.8964635184045544
331,1.7241375368648626
332,1.0287870850380365
333,1.760416690873219
334,2.933442670476734
335,1.5004160871466659
336,1.579020920831438
337,2.5857674445633214
338,3.888793726030111
339,4.0278638163954765
340,3.891816988864142
341,2.2864644239943828
342,1.270648111760411
343,2.1201849681227514
344,0.5239021917550809
345,-0.4798210691427722
346,0.1066919206589846
347,0.49669282624881383
348,-0.2409833052544279
349,-0.46772801780665374
350,-0.5402863258233667
351,-0.1714482600717452
352,-0.5856352683338114
353,-0.9242407057451356
354,-0.6823796790227611
355,-0.4707512806406839
356,0.22762243402017235
357,-0.37400686995173416
358,-0.6854029418567902
359,0.6780885962905939
360,1.6939049085245654
361,3.634839647971619
362,11.567881324465494
