res_5WCP_S6_A,5WCP_S6_A
34,9.568746540805554
35,4.4206537282349165
36,2.5252507153510546
37,0.3830682866848444
38,0.34536587594031803
39,-0.2510177122003543
40,-0.6794541979335963
41,0.17399128164702124
42,0.9486044478527234
43,1.5244230846782005
44,1.5861179386237874
45,1.9734245217266377
46,3.8756825183822325
47,2.806305049992061
48,2.117379180933008
49,0.4653280919456263
50,0.8629171507060749
51,0.11572391958730097
52,-0.9433710731452732
53,-1.0564783053788491
54,-1.2244254077862802
55,-1.9339162281605289
56,-1.5157622180848844
57,-1.6322969422043263
58,-0.6657442303901329
59,-0.28186513917314765
60,-0.6177593439880096
61,-0.8816762191996865
62,-0.9742185001180667
63,-0.5594919819282881
64,-0.23388025277102437
65,-0.23045276088515912
66,-0.3915448795208577
67,-0.40868233895018763
68,-0.4875146523251043
69,0.34536587594031803
70,0.20141121673394938
71,1.3153460796403786
72,0.6881150645269116
73,0.8286422318474151
74,2.148226607905801
75,1.109696566488422
76,-0.03851321527666591
77,1.4113158524446252
78,1.4147433443304904
79,0.016326654897189114
80,0.3385108921685863
81,1.0000168261407119
82,0.3145184489675247
83,-0.8508287922268931
84,0.297380989538196
85,0.6469851618965213
86,0.28709851388059776
87,0.6949700482986446
88,0.27681603822299955
89,1.0205817774559083
90,0.11572391958730097
91,-0.07964311790705748
92,0.708680015842108
93,0.8697721344778067
94,0.5133129783477496
95,-0.922806121830078
96,-0.6006218845586796
97,-1.2895477536177327
98,-0.9982109433191283
99,-1.669999352948852
100,-1.6117319908891312
101,-1.3683800669926494
102,-1.4951972667696887
103,-1.244990359101476
104,-1.8276639796986847
105,-1.1250281430961682
106,-1.3958000020795769
107,-1.2107154402428166
108,-0.9365160893735415
109,-1.2381353753297435
110,-0.6383242953032048
111,-0.5732019494717527
112,-0.3195675499176728
113,-1.2929752455035985
114,-0.22359777711342615
115,0.18427375730461945
116,-0.18932285825476755
117,-0.6623167385042664
118,0.7772298535594265
119,0.5681528485216046
120,0.4653280919456263
121,0.544160405320543
122,0.14657134656009435
123,-0.8919586948572846
124,-1.450639872253432
125,-1.598022023345667
126,-1.3478151156774536
127,-1.6837093204923155
128,-1.7762516014106957
129,-1.0290583702919216
130,-0.9193786299442116
131,-1.1318831268679
132,-0.8713937435420883
133,-0.2544452040862208
134,-0.15847543128197417
135,-0.7754239707378429
136,-0.3915448795208577
137,0.23911362747847448
138,-0.22702526899929265
139,0.5647253566357382
140,0.7532374103583649
141,0.5133129783477496
142,0.6469851618965213
143,0.3350834002827211
144,0.5887177998367998
145,-0.08992559356465568
146,-0.35384246877633263
147,-0.6623167385042664
148,-0.6348968034173395
149,-0.9193786299442116
150,-1.1593030619548275
151,-0.7171566086781214
152,-0.5629194738141545
153,-0.9056686624007482
154,-0.8508287922268931
155,0.3213734327392576
156,0.23568613559260923
157,0.3796407947989779
158,-0.6246143277597412
159,-0.27501015540141593
160,0.15342633033182607
161,1.4147433443304904
162,1.2776436688958535
163,0.3830682866848444
164,-0.7651414950802446
165,-0.8885312029714182
166,-1.24156286721561
167,-1.320395180590526
168,-1.711129255579243
169,-1.6460069097477903
170,-1.4917697748838228
171,-0.13105549619504603
172,0.5578703728640064
173,2.768602639247535
174,5.884192763499672
175,5.705963185434642
176,2.3161737103132314
177,1.8397523381778673
178,1.8774547489223923
179,0.599000275494398
180,0.07802150884277587
181,0.1774187735328877
182,0.15342633033182607
183,-0.9913559595473965
184,-0.9570810406887367
185,-0.8645387597703565
186,-0.5389270306130929
187,-1.0256308784060564
188,-0.9433710731452732
189,-1.173013029498291
190,-0.7034466411346579
191,-0.6828816898194627
192,0.1122964277014345
193,0.08144900072864113
194,0.297380989538196
195,0.9897343504831149
196,-0.42581979837951756
197,-1.337532640019856
198,-1.4574948560251637
199,-1.3409601319057218
200,-0.939943581259408
201,-0.2715826635155495
202,1.1405439934612154
203,4.6605781602455325
204,5.0753046784353115
205,4.694853079104193
206,5.932177649901796
207,3.005099579372285
208,2.432708434432674
209,0.472183075717358
210,0.9520319397385898
211,0.9383219721951251
212,-0.24759022031448782
213,-0.5457820143848247
214,0.030036622440652565
215,-0.6074768683304114
216,-0.6588892466184011
217,-0.2544452040862208
218,0.9863068585972484
219,-0.12077302053744907
220,0.3042359733099277
221,-0.3161400580318075
222,0.016326654897189114
223,-0.15847543128197417
224,-0.10020806922225266
225,-1.0770432566940449
226,-0.6828816898194627
227,-0.7171566086781214
228,-0.8576837759986249
229,-0.29557510671661114
230,0.26996105445126783
231,0.653840145668253
232,2.4258534506609415
233,6.165247098140679
234,8.084642554225601
235,8.396544315839403
236,7.8207256790139255
237,1.9734245217266377
238,3.4198260975620633
239,1.1611089447764118
240,0.36593082725551446
241,1.0342917449993718
242,0.9246120046516617
243,0.36250333536964796
244,-0.35384246877633263
245,0.8663446425919414
246,1.1405439934612154
247,0.5750078322933364
248,-0.5252170630696295
249,-1.1044631917809724
250,-0.43267478215124927
251,-0.7617140031943782
252,-0.6965916573629263
253,0.3248009246251229
254,1.7540650410312189
255,1.6135378737107153
256,2.4258534506609415
257,4.372668841832793
258,8.927805558148622
259,11.549836850836066
260,15.066443525734513
261,-1.0
262,-1.0
263,-1.0
264,-1.0
265,-1.0
266,-1.0
267,-1.0
268,-1.0
269,-1.0
270,-1.0
271,-1.0
272,-1.0
273,-1.0
274,-1.0
275,12.944826048383499
276,9.143737546958176
277,4.300691512229609
278,3.7831402374638525
279,6.686225864792299
280,3.9202399128984906
281,2.7377552122747417
282,3.6494680539150806
283,1.2776436688958535
284,0.5064579945760179
285,1.7060801546290956
286,2.347021137286026
287,0.43448066497283294
288,0.835497215619148
289,1.3667584579283671
290,1.7335000897160224
291,2.185929018650326
292,0.45161812440216287
293,0.2459686112502062
294,1.0034443180265784
295,-0.2133153014558292
296,-0.5732019494717527
297,-0.45666722535231097
298,-0.24416272842862258
299,-0.8062713977106363
300,-0.3332775174611362
301,-1.3683800669926494
302,-0.5937669007869479
303,-0.3367050093470027
304,-0.2510177122003543
305,-0.2784376472872812
306,-0.15162044751024242
307,0.02318163866892084
308,1.04457422065697
309,2.5938005530683728
310,5.071877186549443
311,4.077904539648323
312,6.381179086950231
313,2.9125572984539048
314,3.443818540763125
315,4.043629620789664
316,4.286981544686144
317,1.6580952682269723
318,2.5081132559217245
319,3.9956447343875405
320,3.1833291574373135
321,1.9905619811559676
322,4.228714182626424
323,2.2064939699655226
324,0.42419818931523473
325,0.10886893581556924
326,0.20483870861981585
327,0.45161812440216287
328,-0.2201702852275609
329,0.9211845127657965
330,0.6675501132117165
331,2.323028694084964
332,0.4824655513749562
333,1.9220121434386492
334,3.454101016420722
335,3.22788655195357
336,2.3367386616284276
337,4.444646171435978
338,5.620275888287994
339,5.466038753424028
340,5.915040190472464
341,2.9434047254266984
342,4.201294247539496
343,4.170446820566703
344,4.732555489848718
345,2.5903730611825067
346,0.9588869235103216
347,1.8123324030909391
348,1.3393385228414403
349,0.44819063251629637
350,-0.04536819904839764
351,-0.11049054487985085
352,0.14657134656009435
353,-0.2510177122003543
354,-0.5629194738141545
355,0.68126008075518
356,-0.15847543128197417
357,-0.9365160893735415
358,-0.2613001878579525
359,0.7223899833855715
360,2.3538761210577577
361,5.911612698586599
362,10.84377352234768
363,17.510245240356923
