res_5WCR_PTE(WT)ΔL7_A,5WCR_PTE(WT)ΔL7_A
34,4.911703286782349
35,4.6244120512807445
36,2.2826002505433456
37,0.07589297677156523
38,-0.442784172728628
39,-0.8729445631823816
40,-0.8434389768335679
41,-0.3760083720444714
42,-0.3325264553199047
43,-0.32942060412529284
44,0.31814936995129545
45,1.1023767965908098
46,2.16147205395348
47,1.7577113986539281
48,1.0449185494904896
49,0.2467147924752219
50,-0.032811815039852955
51,-0.7782161017467171
52,-0.8123804648874487
53,-0.8853679679608291
54,-0.7657926969682696
55,-1.0266841973156722
56,-1.4770326205344027
57,-1.2549642601196493
58,-0.6726171611299113
59,-0.32010305054145666
60,-0.644664500378404
61,-0.591865030070001
62,-0.649323277170322
63,-0.07318788056980781
64,0.05259909281197539
65,-0.3123384225549267
66,-0.5514889645400461
67,0.02464643206046801
68,-0.34805571129296403
69,-0.368243744057942
70,-0.3465027856956584
71,0.1085044143149907
72,0.3352315515216621
73,0.1737272894018405
74,0.2529264948644457
75,-0.00020037749642749767
76,-0.2641977290384419
77,0.7312275788346835
78,0.6038876798555941
79,-0.20052777954889722
80,-0.17257511879738985
81,0.22963261090485637
82,0.023093506463162352
83,-0.5778886996942474
84,-0.12132857408629316
85,-0.09958761572400952
86,0.013775952879326191
87,0.16285681022069867
88,0.24050309008599707
89,0.325913997937826
90,-0.14306953244857626
91,-0.06076447579136033
92,0.5464294327552737
93,0.3523137330920277
94,-0.026600112650628664
95,-0.3930905536148375
96,-0.6136059884322846
97,-1.0406605276914258
98,-0.8636270095985454
99,-1.3854100102933504
100,-1.082589518818687
101,-1.368327828722985
102,-1.178870905851657
103,-1.0515310068725676
104,-1.0204724949264483
105,-0.972331801409963
106,-1.3295046887903357
107,-1.1027775515836644
108,-0.6959110450895012
109,-0.33873815770912846
110,-0.4241490655609568
111,-0.4303607679501805
112,-0.7207578546463966
113,-0.7875336553305532
114,-0.5437243365535163
115,-0.5219833781912326
116,-0.7347341850221504
117,-0.3216559761387629
118,0.3212552211459079
119,0.2436089412806095
120,0.08831638155001272
121,0.8011092307134525
122,-0.14772830924049432
123,-0.8977913727392771
124,-1.029790048510284
125,-1.0608485604564033
126,-0.7005698218814187
127,-1.3031049536361345
128,-1.2642818137034855
129,-1.3559044239445375
130,-1.0391076020941197
131,-0.8418860512362618
132,-1.2953403256496046
133,-0.8574153072093217
134,-0.7021227474787249
135,-0.7875336553305532
136,-0.47384268467474777
137,-0.5530418901373518
138,-0.46607805668821783
139,0.14888047984494554
140,-0.0871642109455615
141,0.08986930714731838
142,0.0696812743823415
143,-0.11356394609976321
144,-0.24090384507885262
145,-0.4458900239232404
146,-0.4971365686343371
147,-0.5701240717077174
148,-0.41327858637981496
149,-0.9847552061884111
150,-1.422680224628694
151,-0.8698387119877692
152,-0.5390655597615982
153,-0.9536966942422919
154,-0.7595809945790458
155,-0.23158629149501647
156,0.10384563752307262
157,-0.4583134287016879
158,-0.5608065181238818
159,-0.48781901505050146
160,0.21565628052910213
161,0.2125504293344897
162,0.33833740271627344
163,-0.32942060412529284
164,-0.44123124713132233
165,-0.8139333904847544
166,-1.0639544116510151
167,-1.331057614387642
168,-1.413362671044858
169,-1.4987735788966863
170,-1.2409879297438955
171,-0.8620740840012397
172,0.04638739042275165
173,2.728289896970158
174,3.4224476389659255
175,2.6397731379237177
176,1.0495773262824064
177,0.6333932662044072
178,0.3647371378704752
179,-0.26885650583036
180,-0.19586900275697913
181,-0.18344559797853166
182,-0.636899872391874
183,-0.7285224826329261
184,-0.9614613222288212
185,-0.8061687624982244
186,-1.022025420523754
187,-0.9832022805911049
188,-0.7129932266598668
189,-0.3806671488363895
190,-0.6850405659083594
191,-1.0158137181345304
192,-0.31544427374953915
193,-0.2145041099246509
194,-0.09492883893209145
195,-0.4691839078828297
196,-1.2642818137034855
197,-1.197506013019329
198,-1.042213453288732
199,-0.9909669085776348
200,-0.9272969590880901
201,-0.9971786109668586
202,0.5945701262717579
203,0.9828015255982498
204,1.041812698295877
205,1.8462281577003683
206,1.5356430382391748
207,0.6520283733720794
208,0.6209698614259597
209,-0.18189267238122545
210,0.35076080749472094
211,0.06812834878503474
212,-0.7285224826329261
213,-0.3076796457630092
214,-0.020388410261404925
215,-0.37756129764177765
216,-0.5250892293858445
217,-0.3169971993468448
218,-0.10114054132131518
219,0.060363720798505334
220,0.2203150573210202
221,-0.03125888944254675
222,0.11005733991229635
223,-0.32320890173606853
224,-0.017282559066793057
225,-0.591865030070001
226,-0.7766631761494114
227,-0.8962384471419709
228,-0.3433969345010465
229,-0.6710642355326056
230,-0.45054880071515796
231,-0.03125888944254675
232,0.2327384620994677
233,0.375607617051617
234,1.0852946150204443
235,1.9487212471225617
236,1.6660887884128766
237,1.7002531515536077
238,2.138178169993891
239,1.2545635051267943
240,0.5479823583525794
241,1.3570565945489887
242,1.5356430382391748
243,0.45480682251422105
244,1.116353126966563
245,1.8741808184518758
246,0.9983307815713097
247,0.27622037882403494
248,0.0541520184092816
249,-0.23313921709232266
250,-0.1912102259650616
251,-1.0888012212079106
252,-0.7285224826329261
253,0.05104616721466973
254,0.6535812989693851
255,0.8616733290083842
256,0.8601204034110785
257,1.7810052826135174
258,4.077782241029044
259,6.6975677236842115
260,-1.0
261,-1.0
262,-1.0
263,-1.0
264,-1.0
265,-1.0
266,-1.0
267,-1.0
268,-1.0
269,-1.0
270,-1.0
271,-1.0
272,-1.0
273,-1.0
274,7.048528908675361
275,5.886940561890496
276,3.8168907406816412
277,1.5868895829502714
278,2.355587753616726
279,2.8789236799088367
280,1.8648632648680397
281,1.430044097622369
282,1.8741808184518758
283,0.9641664184305787
284,0.49673581364148267
285,1.8058520921704135
286,2.1164372116316073
287,1.3989855856762492
288,1.8990276280087717
289,2.804383251238151
290,2.868053200727695
291,2.913088043049568
292,1.594654210936802
293,1.5371959638364805
294,1.2235049931806756
295,0.7607331651834965
296,-0.12288149968359882
297,-0.3620320416687177
298,-0.4598663542989941
299,-0.798404134511695
300,-0.5841004020834711
301,-0.7036756730760311
302,-0.6089472116403666
303,-0.13996368125396438
304,-0.6912522682975831
305,-0.1772338955893079
306,-0.42725491675556865
307,-0.07318788056980781
308,0.057257869603893466
309,0.6908515133047286
310,1.5729132525745184
311,1.2576693563214068
312,1.9658034286929285
313,1.2669869099052429
314,1.1116943501746461
315,1.7359704402916445
316,1.2281637699725936
317,0.4905241112522589
318,0.4284070873600193
319,1.2328225467645106
320,1.4315970232196746
321,0.5572999119364155
322,0.9843544511955566
323,0.4175366081788775
324,-0.20052777954889722
325,-0.5219833781912326
326,-0.5965238068619191
327,-0.14617538364318813
328,-0.07784665736172589
329,0.0075642504901024515
330,0.8150855610892056
331,0.5759350191040867
332,0.6411578941909376
333,1.1551762668992123
334,1.6163951692990857
335,1.9238744375656667
336,1.5667015501852946
337,2.524856643723076
338,3.43642396934168
339,3.5917165290722766
340,2.8633944239357767
341,1.7126765563320552
342,2.560573932461114
343,2.7174194177890163
344,2.8214654328085165
345,1.3430802641732345
346,0.7638390163781089
347,1.0899533918123625
348,0.6846398109155049
349,0.34610203070280393
350,0.12869244707996758
351,-0.2828328362061137
352,0.1349041494691913
353,-0.3573732648768002
354,-0.5297480061777625
355,-0.2828328362061137
356,-0.07318788056980781
357,-0.43812539593671046
358,-0.14617538364318813
359,0.28709085800517675
360,0.8119797098945943
361,1.4424675024008164
362,2.4736100990119794
363,4.686529075172984
