res_5WCW_S3_A,5WCW_S3_A
36,1.6179822131109818
37,-0.2530708695431169
38,-0.1438654367033833
39,-1.224999221816744
40,-0.5297246327371081
41,-0.9028431949395306
42,-0.44236028646532133
43,-0.7353948645852725
44,-0.02737964167433426
45,1.337688268822333
46,1.8491337126217509
47,1.155679214089444
48,0.46950507774645206
49,0.3511991921700745
50,0.24199375933034084
51,-0.11474398794612105
52,-0.7226542307539702
53,-1.0011280844952906
54,-1.2086184068907841
55,-1.3323845641091485
56,-0.760876132247877
57,-0.5643063531363572
58,-0.47330182576991275
59,-0.7171939591119839
60,-0.8427802068776773
61,-1.1758567770388642
62,-1.1813170486808506
63,-1.0575508914624863
64,-0.4004982038767568
65,-0.7190140496593125
66,-0.018279188937690326
67,-0.22394942078585467
68,-0.17662706655530327
69,0.07090524788142563
70,1.0209925135871059
71,0.6642547663106433
72,0.8881259036320969
73,0.7097570299938656
74,1.017352332492448
75,0.9700299782618967
76,0.20923212947842088
77,0.5204676130716612
78,1.2011814777726664
79,-0.320414219794286
80,0.5404886090922789
81,0.09274633444937248
82,-0.05468099988426799
83,-0.5497456287577258
84,0.47132516829378124
85,0.2510942120669854
86,0.922707624031346
87,-0.3786571173088106
88,0.4367434478945321
89,1.3340480877276746
90,0.5459488807342657
91,0.18921113345780322
92,0.3694000976433636
93,1.628902756394955
94,0.14188877922725243
95,-0.14932570834537018
96,-0.6807921481654057
97,-0.942885186980766
98,-0.7335747740379439
99,-1.2432001272900328
100,-1.0138687183265929
101,-1.341485016845793
102,-1.685482130290953
103,-1.4743516268008017
104,-1.1740366864915348
105,-1.2923425720679127
106,-1.4688913551588152
107,-1.0247892616105663
108,-0.9993079939479617
109,-1.108513426787695
110,-0.9392450058861083
111,-0.33861512526757453
112,-0.6898926009020502
113,-0.7171939591119839
114,-0.38957766059278365
115,-0.06014127152625487
116,0.01630253146155881
117,-0.5242643610951212
118,-0.13112480287208103
119,0.22197276330972315
120,0.20559194838376318
121,0.3493791016227453
122,-0.8227592108570593
123,-1.161296052660233
124,-1.1722165959442061
125,-0.8828221989189126
126,-1.4779918078954597
127,-1.5635360636199174
128,-1.4907324417267618
129,-1.0520906198204993
130,-0.7171939591119839
131,-1.2395599461953752
132,-1.1048732456930372
133,-0.9246842815074772
134,-0.8609811123509661
135,-0.8118386675730861
136,-0.5970679829882772
137,-0.203928424765237
138,-0.020099279485018856
139,-0.5169839989058058
140,0.1746504090791724
141,0.007202078724914233
142,0.007202078724914233
143,-0.3932178416874414
144,0.9299879862206614
145,0.09274633444937248
146,0.012662350366901108
147,0.41672245187391443
148,-0.7372149551326016
149,-0.8609811123509661
150,-0.8591610218036372
151,-0.760876132247877
152,-0.5715867153256726
153,-1.3560457412244238
154,-1.0029481750426195
155,-0.24397041680647236
156,0.0800057006180702
157,-0.6753318765234194
158,-0.973826726285357
159,-0.9301445531494638
160,0.18375086181581698
161,-0.35499594019353453
162,-0.11292389739879251
163,-0.8518806596143215
164,-0.8282194824990461
165,-0.32405440088894377
166,-0.8882824705608995
167,-1.2213590407220862
168,-1.1048732456930372
169,-1.3287443830144907
170,-0.9883874506639883
171,-0.4332598337286767
172,-0.5242643610951212
173,1.3649896270322661
174,2.2568339952234227
175,1.2339431076245861
176,3.629182267909405
177,0.5404886090922789
178,0.6096520498907771
179,0.3894210936639813
180,-0.7008131441860239
181,-0.486042459601215
182,-0.578867077514988
183,-0.5770469869676595
184,-0.15296588944002787
185,-0.8391400257830193
186,-0.4332598337286767
187,-1.1722165959442061
188,-1.0357098048945392
189,-0.7736167660791793
190,-0.9974879034006328
191,-0.9174039193181618
192,-0.3076735859629838
193,1.363169536484937
194,-0.22394942078585467
195,0.1782905901738301
196,-0.6462104277661571
197,-0.9283244626021349
198,-1.0320696237998817
199,-1.368786375055726
200,-0.49878309343251664
201,-1.0666513441991303
202,-0.9774669073800151
203,0.4203626329685721
204,1.7890707245598971
205,1.3176672728017147
206,1.2758051902131509
207,0.4895260737670704
208,-0.01645909839036115
209,-0.6298296128401971
210,0.36758000709603444
211,0.2529143026143146
212,-0.7390350456799302
213,-0.7135537780173262
214,0.6078319593434479
215,-0.3731968456668237
216,0.5168274319770034
217,-0.27855213720572153
218,1.2357631981719148
219,0.012662350366901108
220,0.591451144417488
221,-0.5606661720416996
222,0.4494840817258344
223,-0.49696300288518813
224,0.13824859813259474
225,-0.4496406486546367
226,-1.0939527024090638
227,-1.2158987690800995
228,-0.9228641909601483
229,-0.26399141282709004
230,-0.578867077514988
231,-0.7044533252806817
232,-0.10018326356749023
233,1.3322279971803461
234,0.8098620100969546
235,1.1793403912047193
236,1.5834004927117327
237,1.0100719703031327
238,2.837442879821338
239,1.6034214887323504
240,0.8972263563687414
241,1.3085668200650709
242,0.6769954001419456
243,0.5659698767548834
244,0.6879159434259193
245,1.7526689136133193
246,0.9809505215458705
247,0.2620147553509592
248,0.03996370857683419
249,-0.49150273124320126
250,-0.7663364038898639
251,-0.7062734158280102
252,-0.5970679829882772
253,-0.22394942078585467
254,0.6478739513846833
255,0.950008982241279
256,1.7635894568972932
257,2.3551188847791824
258,4.104225900762245
259,-1.0
260,-1.0
261,-1.0
262,-1.0
263,-1.0
264,-1.0
265,-1.0
266,-1.0
267,-1.0
268,-1.0
269,-1.0
270,-1.0
271,-1.0
272,-1.0
273,-1.0
274,-1.0
275,-1.0
276,4.351758215198974
277,2.2167920031821873
278,1.7508488230659909
279,1.894635976304973
280,2.2950558967173293
281,2.0475235822805997
282,1.4487137922093951
283,0.9245277145786744
284,1.3613494459376083
285,1.545178591217826
286,2.6153918330472137
287,1.1629595762787595
288,1.6653045673415325
289,2.3642193375158262
290,2.453403774334942
291,2.972129580323676
292,1.5815804021644042
293,1.022812604134435
294,0.7534392031297593
295,0.27657547972959
296,-0.0037184645590588733
297,-0.3058534954156546
298,-0.2348699640698278
299,-0.8755418367295972
300,-0.5279045421897789
301,-0.942885186980766
302,-0.5770469869676595
303,-0.6807921481654057
304,0.509547069787688
305,-0.17298688546064556
306,-0.16206634217667246
307,-0.32405440088894377
308,0.7534392031297593
309,0.8753852698007946
310,0.9518290727886082
311,1.0792354111016305
312,1.727187645950715
313,1.172060029015404
314,1.2557841941925325
315,2.5735297504586483
316,3.6564836261193383
317,0.9591094349779237
318,1.5579192250491283
319,1.9892806847660751
320,2.7027561793189996
321,2.133067838005058
322,1.9383181494408661
323,1.6179822131109818
324,0.13824859813259474
325,0.04906416131347877
326,0.027223074745531914
327,1.1848006628467063
328,-0.1566060705346856
329,0.6769954001419456
330,1.7999912678438708
331,2.1458084718363604
332,0.6879159434259193
333,1.2157422021512971
334,1.778150181275924
335,2.700936088771671
336,1.4960361464399459
337,2.7264173564342755
338,3.913116393292711
339,3.0522135644061468
340,4.091485266930943
341,2.0566240350172444
342,3.1614189972458804
343,4.036882550511077
344,2.748258443002222
345,1.4050316190735015
346,0.6824556717839325
347,0.5368484279976211
348,0.8317030966649015
349,-0.10382344466214793
350,-0.3094936765103123
351,-0.26399141282709004
352,0.2365334876883546
353,-0.320414219794286
354,-0.31131376705764147
355,0.10548696828067412
356,0.13642850758526556
357,-0.6662314237867748
358,-0.8118386675730861
359,-0.46966164467525506
360,0.740698569298457
361,1.0100719703031327
362,4.009581192301142
363,7.425891149637469
