res_5WMS_S7_Q,5WMS_S7_Q
33,3.1024802906671995
34,3.5127319456226105
35,3.0804419786241395
36,1.1885376524661293
37,0.5409503293546956
38,0.7681144688754602
39,0.2018993748460914
40,0.29513838733595765
41,0.5850269534408143
42,0.8698297552280417
43,1.1987091811013872
44,1.2953387031363395
45,1.6530374601429167
46,1.7411907083151543
47,1.5682747215157657
48,1.3885777156262058
49,0.5782459343506418
50,1.6259133837822284
51,0.8054100738714065
52,0.8020195643263205
53,0.6070652654838734
54,0.4222824952766842
55,0.7799812522832614
56,1.0054501370314834
57,1.2444810599600489
58,1.4292638301672387
59,2.916002265687467
60,2.7617340813860527
61,2.8227632531976012
62,2.7413910241155355
63,2.754953062295881
64,3.0516226474909094
65,3.1567284433885763
66,3.3313396849605073
67,3.5415512767558424
68,3.621228251065364
69,3.7432865946884615
70,3.850087645358672
71,4.182357580777103
72,3.8534781549037573
73,3.843306626268499
74,4.333235255533432
75,4.285768121902229
76,3.9823175176170267
77,4.287463376674771
78,4.277291848039512
79,3.7788869449118647
80,3.746677104233548
81,4.072166020561807
82,3.875516466946817
83,3.4567885381286914
84,3.624618760610449
85,3.8534781549037573
86,3.4923888883520946
87,3.2262338890628404
88,3.521208219485325
89,3.577151626979246
90,3.160118952933663
91,3.1397758956631456
92,3.463569557218863
93,3.216062360427582
94,2.909221246597295
95,2.7312194954802784
96,2.64815201162567
97,2.4803217891439107
98,2.4464166936930507
99,2.28875799984655
100,2.4023400696069315
101,2.2582434139407757
102,2.3904732861991316
103,2.3243583500699536
104,2.45150245801068
105,2.4464166936930507
106,2.509141120277142
107,2.710876438209761
108,2.6515425211707564
109,2.9176975204600106
110,1.1003844042938924
111,1.5428458999276207
112,1.4835119828886147
113,1.1292037354271234
114,1.4360448492574105
115,1.7666195299032994
116,1.5377601356099915
117,1.4072255181241788
118,2.444721438920507
119,2.2395956114428026
120,2.602380132767009
121,2.927869049095268
122,1.5140265687943897
123,1.3461963463126303
124,1.058003034980317
125,1.0342694681647144
126,0.8732202647731276
127,0.8376199145497241
128,0.9071253602239879
129,0.9613735129453647
130,0.932554181812133
131,1.0088406465765694
132,1.302119722226512
133,1.2665193720031085
134,1.1546325570152691
135,1.3631488940380607
136,0.8528772075026113
137,0.12900341962674158
138,0.10187934326605323
139,0.26970956574781196
140,0.21715666779897858
141,0.14426071257962875
142,0.325652973241732
143,-0.011702726494328833
144,0.0815362859955368
145,-0.07781766262350673
146,0.2137661582538926
147,-0.1795329489760882
148,-0.13037056057234075
149,-0.30498180214427145
150,-0.396525559861595
151,-0.2100475348818625
152,-0.026960019447216595
153,-0.042217312400103756
154,-0.11511326761945359
155,0.1917278462108335
156,0.5663791509428405
157,0.4222824952766842
158,0.13239392917182755
159,0.29513838733595765
160,0.6816564754757666
161,0.9749355511257085
162,0.7240378447893421
163,0.42906351436685614
164,0.26970956574781196
165,0.557902877080126
166,0.13239392917182755
167,-0.04730307671773241
168,-0.22700008260729296
169,-0.21513329919949178
170,-0.21513329919949178
171,0.33073873755936123
172,0.55451236753504
173,1.7717052942209286
174,2.7752961195663963
175,2.1734806753136247
176,0.5612933866252119
177,0.29683364210850033
178,-0.048998331490275694
179,-0.4270401457673693
180,-0.33041062373241714
181,-0.38126826690870785
182,-0.6965856546017093
183,-1.6086327222298544
184,-1.3000963536270247
185,-1.1932953029568145
186,-1.0576749211533727
187,-1.3441729777131433
188,-1.3746875636189175
189,-1.5645560981437359
190,-0.8915399534441567
191,-0.7999961957268337
192,-0.3270201141873312
193,-0.513498139167063
194,-0.17444718465845896
195,0.27310007529289854
196,-0.7169287118722257
197,-1.1305708763727227
198,-0.5830035848413269
199,-1.3526492515758584
200,-0.6914998902840803
201,0.29513838733595765
202,0.910515869769074
203,1.9734406121535477
204,1.9514023001104885
205,2.7668198457036817
206,2.2158620446272
207,0.6087605202564161
208,0.29513838733595765
209,-0.659290049605763
210,-0.2931150187364703
211,-0.3338011332775031
212,-0.6728520877861072
213,-0.5185839034846923
214,-0.7677863550485161
215,-1.0983610356944054
216,-1.254324474768363
217,-0.9881694754791089
218,-0.5643557823433538
219,-0.7220144761898546
220,-0.5457079798453807
221,-1.2831438059015945
222,-0.7610053359583442
223,-0.6338612280176177
224,-0.4202591266771968
225,-0.9457881061655334
226,-0.8406823102678662
227,-0.7559195716407152
228,-0.5948703682491281
229,-0.3660109739558207
230,0.044240680999590554
231,-0.17783769420354492
232,0.7053900422913683
233,1.7191523962720947
234,3.0617941761261664
235,2.9719456731813874
236,2.0141267266945806
237,0.9613735129453647
238,1.6954188294564922
239,0.5172167625390931
240,0.26123329188509736
241,0.354472304374963
242,-0.018483745584501374
243,-0.6355564827901606
244,-0.1591898917055718
245,0.6477513800249056
246,0.43753978822957135
247,-0.3541441905480195
248,-0.659290049605763
249,-0.5694415466609827
250,-0.571136801433526
251,-0.22360957306220638
252,0.21885192257152186
253,-0.2015712610191473
254,2.141270834635307
255,2.4616739866459376
256,3.1279091122553444
257,3.28217729655676
258,4.718058088900698
259,4.811297101390564
260,5.660619742434617
261,-1.0
262,-1.0
263,-1.0
264,-1.0
265,-1.0
266,-1.0
267,-1.0
268,-1.0
269,-1.0
270,-1.0
271,-1.0
272,-1.0
273,-1.0
274,-1.0
275,-1.0
276,4.67398146481458
277,3.9585839508014256
278,2.8668398772837196
279,3.502560416987352
280,3.0075460234047897
281,1.9446212810203167
282,2.9193927752325535
283,1.7038951033192076
284,1.1732803595132422
285,1.6598184792330892
286,1.6530374601429167
287,0.8596582265927832
288,1.1376800092898387
289,1.5292838617472768
290,1.1292037354271234
291,1.8327344660324774
292,0.6833517302483092
293,1.220747493144447
294,0.9189921436317892
295,0.5663791509428405
296,0.46127335504517375
297,0.38498689028073796
298,0.6189320488916746
299,4.0026605748875435
300,4.089118568287238
301,3.9687554794366826
302,4.046737198973662
303,4.023003632158059
304,4.168795542596759
305,4.175576561686931
306,4.156928759188958
307,4.170490797369303
308,4.0823375491970655
309,4.372226115301922
310,4.723143853218327
311,4.8401164325237955
312,4.985908342962495
313,4.77569675116716
314,4.604476019140315
315,5.01133716455064
316,5.10627143181305
317,4.762134712986816
318,4.823163884798365
319,5.250368087479207
320,5.130004998628652
321,4.81977337525328
322,4.906231368652973
323,4.645162133681349
324,4.375616624847008
325,4.138280956690985
326,4.307806433945287
327,4.423083758478212
328,4.280682357584599
329,4.328149491215804
330,4.5909139809599715
331,4.5281895543758806
332,3.973841243754312
333,3.972145988981769
334,4.882497801837371
335,4.957089011829264
336,4.538361083011138
337,5.060499552954389
338,5.935251015586587
339,5.665705506752246
340,5.701305856975649
341,4.762134712986816
342,4.867240508884485
343,4.490893949379933
344,4.509541751877907
345,3.763629651958977
346,3.4957793978971803
347,3.319472901552706
348,3.026193825902764
349,2.7312194954802784
350,2.6108564066297237
351,2.5972943684493797
352,2.5989896232219225
353,2.336225133477755
354,2.05311758646307
355,2.178566439631254
356,2.2718054521211197
357,2.044641312600355
358,1.9310592428399722
359,2.1802616944037965
360,2.3260536048424965
361,3.283872551329303
362,4.5637899045992825
363,5.508046812905745
