res_5WMS_S7_S,5WMS_S7_S
34,4.611335723328255
35,3.6700037298064583
36,1.6436826513820313
37,-2.280424213178704
38,-2.8096871814238913
39,-3.3918764464935953
40,-3.8304086201824643
41,-3.0327337180415053
42,-2.828589430289791
43,-1.6717717996967403
44,0.006747899595134867
45,0.15796589052233037
46,1.6588044504747532
47,-1.2937268223787501
48,-1.2408005255542314
49,-2.3106678113641426
50,-2.7718826836920916
51,-3.1801712591955216
52,-3.471265891730374
53,-3.9097980654192424
54,-3.8001650219970253
55,-4.246258095232254
56,-4.658327120508863
57,-5.013689399187773
58,-5.232955486032208
59,-5.53161101811342
60,-5.550513266979319
61,-5.762218454277393
62,-5.750877104957855
63,-5.592098214484298
64,-5.815144751101912
65,-6.079776235224505
66,-6.015508589080447
67,-6.011728139307267
68,-6.291481422522581
69,-6.423797164583876
70,-6.28014007320304
71,-6.295261872295759
72,-6.374651317532537
73,-6.178067929327183
74,-5.7017312579065145
75,-6.1591656804612835
76,-5.905875545658231
77,-5.501367419927981
78,-4.654546670735683
79,-5.611000463350198
80,-5.50514786970116
81,-4.318086640922671
82,-5.040152547600032
83,-5.16490739011497
84,-4.885154106899656
85,-3.4939485903694525
86,-1.9628664322315938
87,-3.0062705696292458
88,-3.6829710790284476
89,-1.3315313201105499
90,-1.9439641833656927
91,-1.5621387562745235
92,-1.5507974069549835
93,0.8989340460655912
94,1.0388106876732492
95,0.9745430415291904
96,1.080395635178228
97,1.0236888885805273
98,0.8686904478801527
99,0.8422272994678933
100,0.6947897583138769
101,0.6418634614893581
102,0.5208890687476012
103,0.524669518520783
104,0.4717432216962642
105,0.3129643312227077
106,0.3054034316763467
107,0.328086130315427
108,0.4906454705621626
109,0.5397913176135023
110,0.7061311076334171
111,0.7174724569529572
112,0.6191807628502806
113,0.7136920071797781
114,0.8535686487874334
115,0.7893010026433744
116,0.7439356053652166
117,0.883812246972872
118,0.9783234913023695
119,0.883812246972872
120,0.8724708976533319
121,1.0312497881268883
122,0.9896648406219096
123,1.0501520369927868
124,0.9253971944778507
125,0.9632016922096502
126,0.8497881990142543
127,0.7893010026433744
128,0.7590574044579359
129,0.6683266099016175
130,0.48686502078898347
131,0.3621101782740447
132,0.19577038825412993
133,0.12394184256371266
134,0.2184530868932102
135,0.14284409142961108
136,0.1277222923368918
137,0.28272073303726913
138,0.3621101782740447
139,0.25625758462500975
140,0.2978425321299884
141,0.48308457101580166
142,0.6116198633039196
143,0.7401551555920348
144,0.8762513474265137
145,0.7666183040042942
146,0.7212529067261364
147,0.9064949456119523
148,0.9518603428901101
149,0.8157641510556339
150,0.8762513474265137
151,1.0577129365391478
152,1.01234753926099
153,0.94051899357057
154,1.0955174342709473
155,1.2353940758786026
156,1.1711264297345436
157,1.0350302379000675
158,0.8573490985606126
159,0.7741792035506552
160,0.883812246972872
161,0.9329580940242117
162,1.0879565347245863
163,1.0312497881268883
164,1.0766151854050463
165,0.9896648406219096
166,1.080395635178228
167,0.9669821419828294
168,0.8497881990142543
169,0.6796679592211576
170,0.5851567148916601
171,0.4188169248717454
172,0.3394274796349671
173,1.946118633236425
174,6.184002828971094
175,6.233148676022432
176,1.9763622314218636
177,0.2373553357591086
178,0.328086130315427
179,0.34320792940814626
180,0.39991467600584424
181,0.5360108678403205
182,0.5964980642112003
183,0.6040589637575586
184,0.7099115574065963
185,0.8384468496947142
186,0.8497881990142543
187,0.8800317971996928
188,1.0274693383537092
189,1.1182001329100248
190,1.1068587835904875
191,1.1749068795077255
192,1.3299053202081002
193,1.3790511672594399
194,1.3677098179398997
195,-0.7833661029994631
196,-0.847633749143522
197,-0.9572667925657388
198,-1.025314888482977
199,-1.0026321898438992
200,-1.0026321898438992
201,-0.9194622948339393
202,-0.8362923998239818
203,1.568073655918435
204,1.7986810920824088
205,2.2220914666785565
206,2.7324521860578437
207,-0.291907632486077
208,-0.7644638541335647
209,-0.855194648689883
210,-0.28812718271289783
211,-0.8098292514117225
212,-0.9572667925657388
213,-0.9308036441534794
214,-0.8173901509580834
215,-0.8816577971021424
216,-0.9572667925657388
217,-0.855194648689883
218,-0.1331287420125205
219,-0.7795856532262839
220,0.4301582741912855
221,-0.911901395287581
222,-0.9308036441534794
223,-0.9723885916584581
224,-0.9610472423389207
225,-0.9912908405243592
226,-1.0215344387097978
227,-0.9648276921120998
228,-0.9270231943803002
229,-0.8400728495971637
230,-0.666172160030888
231,-0.6094654134331873
232,-0.34861437908377496
233,0.6418634614893581
234,3.8968307161972526
235,5.314499381139716
236,3.5868338347965008
237,1.496245110228015
238,-0.17093323974432004
239,-0.4204429247741922
240,-0.5300759681964117
241,-0.46580832205235273
242,-0.5489782170623102
243,-0.7493420550408453
244,-0.7455616052676661
245,-0.6812939591236072
246,-0.790927002545824
247,-0.8816577971021424
248,-0.9270231943803002
249,-0.8929991464216799
250,-0.7833661029994631
251,-0.7380007057213052
252,-0.4998323700109705
253,-0.4695887718255319
254,-0.2654444840738176
255,2.301480911915335
256,0.3054034316763467
257,3.2276911063444116
258,4.618896622874615
259,4.8910890065435675
260,-1.0
261,-1.0
262,-1.0
263,-1.0
264,-1.0
265,-1.0
266,-1.0
267,-1.0
268,-1.0
269,-1.0
270,-1.0
271,-1.0
272,-1.0
273,-1.0
274,-1.0
275,-1.0
276,4.100975003948967
277,2.7702566837896434
278,3.3297632502202674
279,2.705989037645584
280,3.1558625606539916
281,2.5434296973988486
282,2.6039168937697283
283,0.002967449821955718
284,-0.11422649314662207
285,0.13906364165643195
286,0.05589374664647455
287,-0.27300538362017857
288,-0.17849413929068103
289,0.05967419641965369
290,-0.14825054110523977
291,0.3961342262326651
292,-0.53763686774277
293,-0.488491020691433
294,-0.6737330595772463
295,-0.7531225048140244
296,-0.6245872125259092
297,-0.6170263129795482
298,-0.39776022613511464
299,-4.216014497046814
300,-4.888934556672837
301,-5.104420193744091
302,-4.212234047273634
303,-5.180029189207689
304,-4.994787150321875
305,-5.093078844424551
306,-5.180029189207689
307,-5.15356604079543
308,-4.817106010982418
309,-3.3918764464935953
310,-1.0064126396170785
311,-2.6168842429917154
312,0.8308859501483532
313,-1.3428726694300899
314,-1.5167733589963657
315,-0.1671527899711409
316,0.15040499097597207
317,-1.5848214549136037
318,-0.47336922159871103
319,2.0822148250709014
320,0.5473522171598606
321,-0.4695887718255319
322,1.0879565347245863
323,-0.5641000161550295
324,-2.4165204050131806
325,-4.231136296139533
326,-1.652869550830842
327,-1.7360394458407993
328,-2.2653024140859848
329,-3.2028539578346007
330,-0.14825054110523977
331,0.9291776442510299
332,0.7666183040042942
333,1.0388106876732492
334,2.5396492476256696
335,2.1805065191735777
336,0.7401551555920348
337,0.08235689505873396
338,4.76255371425545
339,4.0745118555367075
340,1.5189278088670952
341,-0.8703164477826023
342,-1.2521418748737716
343,2.070873475751361
344,-3.3578523985349764
345,-3.550655336967152
346,-3.4107786953594954
347,-1.2181178269151538
348,-3.9929679604292
349,-3.8455304192751836
350,-4.454182832757147
351,-4.284062592964052
352,-4.079918305212337
353,-3.524192188554893
354,-4.469304631849868
355,-4.079918305212337
356,-3.4674854419571934
357,-4.042113807480538
358,-4.01565065906828
359,-3.3654132980813363
360,-0.6623917102577062
361,1.1106392333636665
362,7.609232393459916
363,6.698143998123561
