res_6AML_S8_A,6AML_S8_A
35,4.0437268798628985
36,2.6848610418195173
37,0.21053692769539295
38,-0.12486719311926384
39,-0.34910880532106325
40,-0.9700855775721989
41,-0.6960124959922223
42,0.5114423389405423
43,1.4409909023411627
44,1.0634216920526636
45,1.6039014753082819
46,2.698277206652104
47,1.678648679375547
48,1.4371577123889945
49,0.5095257439644582
50,0.3983632353516008
51,-0.12486719311926384
52,-0.3912738947949056
53,-0.6270150768532073
54,-0.8301741443180849
55,-1.2844071536499344
56,-0.8550898790071735
57,-1.4204853969518811
58,-0.6883461160878874
59,-0.5503512778098568
60,-1.2518250390565104
61,-1.5508138553255764
62,-1.6121448945602563
63,-1.4377347517366348
64,-1.4473177266170532
65,-1.6293942493450102
66,-1.5469806653734088
67,-1.458817296473556
68,-2.095126828533362
69,-1.895800951020652
70,-1.3668207376215358
71,-0.7650099151312373
72,-1.0371664017351305
73,-0.7765094849877395
74,-0.29161095603855053
75,-0.6461810266140444
76,-1.311239483315107
77,-0.6480976215901285
78,-0.20153099216261366
79,-0.7190116357052275
80,-0.5561010627381082
81,-0.3721079450340678
82,-0.21686375197128405
83,-0.36060837517756555
84,-0.5292687330729356
85,0.31211646142783206
86,0.31786624635608285
87,0.04570975975219029
88,0.16070545831721506
89,0.8295971049704446
90,0.4405283248254432
91,0.45202789468194543
92,0.5766065681273898
93,0.7280175712380068
94,0.7146014064054205
95,0.23928585233664895
96,-0.01945446943465728
97,-0.5235189481446848
98,-0.32994285556022546
99,-1.1751612400131606
100,-1.316989268243358
101,-0.9662523876200315
102,-1.228825899343506
103,-1.4339015617844675
104,-1.6159780845124239
105,-1.635144034273261
106,-1.7156410232687789
107,-1.527814715612571
108,-1.4818164361865613
109,-1.6313108443210935
110,-1.1368293404914855
111,-1.0563323514959677
112,-1.1329961505393182
113,-1.2939901285303534
114,-0.8110081945572477
115,-0.7611767251790699
116,-0.753510345274735
117,-0.9470864378591937
118,-0.7170950407291434
119,-0.4813538586708418
120,-0.45835471895783725
121,-0.4468551491013343
122,-0.19769780221044625
123,-0.7209282306813108
124,-0.8761724237440953
125,-1.117663390730648
126,-1.4147356120236296
127,-1.2978233184825207
128,-1.6255610593928427
129,-1.4204853969518811
130,-1.5297313105886552
131,-1.1770778349892446
132,-1.290156938578186
133,-1.426235181880132
134,-1.4454011316409698
135,-1.5508138553255764
136,-1.746306542886119
137,-1.755889517766538
138,-1.824886936905553
139,-0.8435903091506712
140,-1.060165541448135
141,-1.0429161866633814
142,-0.45260493402958574
143,-0.7784260799638236
144,-0.09420167350192375
145,-0.9873349323569527
146,-1.0218336419264602
147,-0.475604073742591
148,-0.7036788758965572
149,-1.0352498067590465
150,-1.0505825665677169
151,-0.46793769383825545
152,-0.4506883390535017
153,-1.1540786952762394
154,-1.1119136058023964
155,-0.11528421823884492
156,0.05337613965652514
157,-0.68451292613572
158,-1.3514879778128654
159,-1.000751097189539
160,-0.4947700235034281
161,-0.5005198084316795
162,-0.12486719311926384
163,-1.0984974409698107
164,-0.8033418146529122
165,-0.8685060438397598
166,-0.9777519574765338
167,-1.0735817062807214
168,-1.1272463656110667
169,-1.3994028522149593
170,-1.577646184990749
171,-0.5196857581925167
172,-0.29544414599071794
173,2.4146211501917088
174,2.792190360480208
175,1.232082049948033
176,0.5670235932469709
177,-0.007954899578155008
178,-0.12295059814318046
179,-0.9835017424047853
180,-0.8876719936005976
181,-0.5963495572358672
182,-0.5791002024511135
183,-1.0218336419264602
184,-1.2824905586738504
185,-0.9739187675243663
186,-0.9796685524526179
187,-0.9145043232657702
188,-1.1291629605871507
189,-0.475604073742591
190,-0.8014252196768289
191,-0.6595971914466308
192,-0.2532790565168756
193,-0.029037444315076183
194,0.06679230448911147
195,0.28911732171482685
196,-0.6538474065183799
197,-0.45643812398175315
198,-1.071665111304638
199,-0.7688431050834047
200,-0.8455069041267552
201,-0.12103400316709641
202,0.7682660657357644
203,5.680498989438424
204,6.144314973650692
205,7.8539176923174
206,7.926748301408582
207,5.329762108815097
208,2.37437265569395
209,0.39069685544726596
210,0.003544670278347265
211,0.16837183822155058
212,-0.3318594505363095
213,-0.22836332182778632
214,0.12045696381945677
215,-0.08270210364542148
216,-0.030954039291160234
217,0.09362463415428411
218,0.47886022434711806
219,0.6302712274577351
220,1.155418250904683
221,0.06295911453694404
222,0.44627810975369464
223,0.09170803917820007
224,-0.3414424254167277
225,0.31211646142783206
226,-0.5388517079533545
227,-0.4027734646514079
228,-0.506269593359931
229,0.03421018989568734
230,0.009294455206598742
231,0.4117794001841871
232,2.2191284626311654
233,3.447665842300852
234,4.8525299597702425
235,7.756171348537128
236,6.002486945420494
237,2.4127045552156257
238,1.1017535915743377
239,0.6532703671707396
240,0.3772806906146796
241,0.988674487985397
242,0.18945438295847178
243,-0.46410450388608804
244,0.5133589339166256
245,0.45011129970586206
246,0.4405283248254432
247,0.08595825424994927
248,-0.15744930771268795
249,-0.4487717440774183
250,-0.1804484474256925
251,-0.07886891369325406
252,0.3312824111886692
253,0.39644664037551675
254,1.1477518710003483
255,2.4280373150242953
256,1.9258894312903525
257,2.978100073160332
258,4.7337010712530505
259,5.048022647330786
260,7.491681241837571
261,-1.0
262,-1.0
263,-1.0
264,-1.0
265,-1.0
266,-1.0
267,-1.0
268,-1.0
269,-1.0
270,-1.0
271,-1.0
272,-1.0
273,-1.0
274,-1.0
275,-1.0
276,5.5175884164713045
277,4.083975374360658
278,4.024560930102061
279,3.882732901871863
280,3.767737203306839
281,2.57369853320666
282,2.3322075662201076
283,1.6269006150212866
284,2.355206705933112
285,2.78260738559979
286,2.4721189994742208
287,1.9642213308120267
288,1.2378318348762845
289,2.698277206652104
290,2.7461920810541973
291,1.8013107578449075
292,0.3006168915713291
293,0.1932875729106392
294,0.10704079898687044
295,-0.14403314288010163
296,-0.20919737206694922
297,0.08212506429778116
298,-0.40852324957965935
299,-0.32035988067980653
300,-0.1555327127366039
301,-0.18619823235394398
302,-0.3989402746992404
303,-1.0045842871417063
304,-0.9279204880983566
305,-0.9183375132179377
306,-0.9413366529309429
307,-1.0065008821177905
308,-0.5177691632164333
309,0.6015223028164783
310,2.4702024044981377
311,0.14153950855637795
312,2.1942127279420776
313,1.5023219415758429
314,0.8870949542529579
315,4.110807704025831
316,3.2560063446924765
317,2.152047638468235
318,1.9469719760272737
319,3.0815962018688543
320,3.171676165744792
321,2.060051079616214
322,3.0547638722036816
323,2.646529142297843
324,1.1975833403785254
325,0.24503563726490044
326,1.1094199714786726
327,0.2872007267387428
328,0.7701826607118492
329,1.5579031958822716
330,2.305375236554935
331,2.1577974233964854
332,1.4965721566475914
333,2.3245411863157726
334,2.792190360480208
335,2.1252153088030625
336,2.6273631925370053
337,3.0969289616775253
338,4.515209243979502
339,3.784986558091592
340,3.9038154466087853
341,2.7902737655041245
342,1.7112307939689713
343,2.1424646635878157
344,0.5401912635817983
345,0.6053554927686458
346,0.47311043941886727
347,0.9905910829614805
348,0.4328619449211083
349,-0.12103400316709641
350,-0.1746986624974417
351,0.6436873922903207
352,0.04954294970435772
353,-0.2302799168038704
354,-0.09803486345409118
355,0.22203649755189522
356,0.24120244731273302
357,-0.2245301318756189
358,-0.4851870486230092
359,0.09170803917820007
360,1.0519221221961605
361,1.7073976040168044
362,7.917165326528163
363,9.481106827012505
