res_6AML_S8_G,6AML_S8_G
34,4.439069510523837
35,3.5577768488941937
36,0.8461071208029842
37,-0.16294690301557094
38,-0.3897885052693551
39,-0.3611073831453136
40,-0.9738404467043844
41,-0.24377551991059798
42,0.40285341524961366
43,0.6375171417190458
44,1.3545451948200868
45,1.3310788221731438
46,2.102861744783718
47,1.565742548642575
48,0.9999422303773894
49,-0.022148667133912208
50,0.17079706351873114
51,0.027391452898523686
52,-0.6609554780784759
53,-1.5578923881394147
54,-0.8982265792864567
55,-1.7247643714065661
56,-1.430131025950502
57,-1.821237236732888
58,-0.952981448795991
59,-0.21509439778655648
60,-0.6270596064773359
61,-1.5239965165382745
62,-0.9868773203971308
63,-0.9269077014104982
64,-0.28027876625028747
65,-0.5983784843532944
66,-0.43411387582469263
67,-0.7417840949735028
68,-0.5931637348761961
69,-0.01693391765681384
70,0.050857825545466806
71,0.011747204467227653
72,-0.31417463785142735
73,0.09257582136225469
74,0.7809227523392532
75,0.21512243407406867
76,0.1890486866885759
77,0.32463217309313624
78,0.5332221521770757
79,0.3533132952171787
80,-0.38196638105370706
81,0.03782095185272042
82,-0.3950032547464535
83,-0.7339619707578549
84,-0.4940834948113243
85,-0.1446952798457262
86,-0.7991463392215858
87,-0.44454337477888933
88,-0.25941976834189306
89,0.22815930776681506
90,-0.2750640167731882
91,-0.28027876625028747
92,-0.022148667133912208
93,0.2333740572439134
94,0.1734044382572808
95,-0.7183177223265598
96,-0.7443914697120516
97,-1.1615714278799303
98,-1.2710811668989979
99,-1.7482307440535094
100,-1.560499762877964
101,-1.3571245332711233
102,-1.3258360364085322
103,-1.364946657486771
104,-1.5526776386623165
105,-1.2919401648073923
106,-1.0624911878150596
107,-1.2345779205593084
108,-1.0129510677826237
109,-0.9894846951356805
110,-0.5462309895823099
111,-0.15773215353847259
112,-1.1381050552329872
113,-1.156356678402832
114,-0.5019056190269723
115,-0.2620271430804427
116,-0.6400964801700824
117,-0.7287472212807565
118,-0.18902065040106372
119,0.13429381717904257
120,0.25684042989085654
121,0.0795389476695083
122,0.6609835143659889
123,-0.9842699456585821
124,-1.5917882597405546
125,-1.4379531501661496
126,-1.2736885416375476
127,-1.7690897419619034
128,-1.3831982806566157
129,-1.2111115479123653
130,-1.1302829310173392
131,-1.1224608068016912
132,-1.0781354362463547
133,-0.7104955981109117
134,-0.28810089046593457
135,-0.40282537896210147
136,-0.10558465876748796
137,-0.0716887871663481
138,-0.5279793664124651
139,-0.0508297892579537
140,0.04303570132981879
141,0.5045410300530342
142,0.3976386657725153
143,0.12907906770194327
144,0.3767796678641218
145,0.40024604051106494
146,-0.5462309895823099
147,-0.5775194864449
148,-0.29331563994303295
149,-0.512335117981169
150,-1.2189336721280133
151,-0.4054327537006502
152,-0.28810089046593457
153,-1.0520616888608618
154,-0.9973068193513285
155,0.0013177055130309152
156,0.45239353528204956
157,0.45760828475914794
158,-0.5983784843532944
159,-0.2307386462178516
160,0.003925080251580563
161,1.0468749756712765
162,0.9321504871751096
163,0.2177298088126174
164,-0.4549728737330861
165,-0.9738404467043844
166,-0.8356495855612753
167,-1.3597319080096726
168,-1.5657145123550622
169,-1.5891808850020055
170,-1.7065127482367215
171,-0.24116814517204832
172,0.26987730358360296
173,1.385833691682677
174,2.74949067994393
175,4.5511866242814545
176,1.1433478409975977
177,0.9138988640052649
178,1.6752522876616425
179,-0.11862153246023435
180,-0.3037451388972306
181,-0.03518554082665859
182,-0.0716887871663481
183,-0.7078882233723621
184,-1.1276755562787906
185,-0.7131029728494604
186,-0.6531333538628288
187,-0.7261398465422069
188,-1.0442395646452147
189,-0.6818144759868703
190,-0.6870292254639686
191,-0.8147905876528809
192,-0.019541292395363487
193,0.11604219400919781
194,-0.01171916817971547
195,0.35070592047862903
196,-0.9764478214429341
197,-1.3414802848398277
198,-1.4144867775192063
199,-1.5213891417997252
200,-1.4040572785650096
201,0.2672699288450533
202,1.044267600932727
203,2.932006911642376
204,4.848427344476068
205,3.9540978091536787
206,4.313915523073475
207,4.253945904086841
208,1.5709572981196733
209,0.1577601898259857
210,1.1381330915204995
211,0.4106755394652617
212,-0.4706171221643812
213,-0.512335117981169
214,0.0013177055130309152
215,-0.2620271430804427
216,-0.6296669812158856
217,-0.2333460209564003
218,-0.014326542918264192
219,-0.11079940824458633
220,-0.31938938732852573
221,-0.13165840615298074
222,-0.43672125056324135
223,-0.3272115115441737
224,-0.4862613705956772
225,-0.8591159582082185
226,-0.8408643350383738
227,-0.6583481033399271
228,-0.7861094655288394
229,-0.08472566085909448
230,0.08475369714660667
231,0.4471787858049512
232,0.9895127314231926
233,2.658232564094707
234,4.678947986470368
235,9.041085924063244
236,7.095984369105512
237,5.0674468225142055
238,5.802726498785089
239,3.8263364469647656
240,2.5643670735069333
241,1.8369095214516957
242,1.4379811864536625
243,0.5175779037457805
244,0.5097557795301325
245,1.7221850329555297
246,1.213746958938427
247,0.3715649183870225
248,-0.4132548779162982
249,-0.6713849770326735
250,-0.47322449690293084
251,-0.88779708033226
252,-0.5149424927197187
253,-0.2177017725251052
254,0.7678858786465078
255,1.776939902465063
256,1.4119074390681698
257,1.565742548642575
258,4.475572756863527
259,7.095984369105512
260,8.874213940796093
261,-1.0
262,-1.0
263,-1.0
264,-1.0
265,-1.0
266,-1.0
267,-1.0
268,-1.0
269,-1.0
270,-1.0
271,-1.0
272,-1.0
273,-1.0
274,-1.0
275,11.364256816110617
276,8.248444003544277
277,5.109164818330992
278,2.7833865515450698
279,5.502878403851927
280,2.54350807559854
281,2.705165309388593
282,2.496575330304654
283,2.113291243737916
284,0.5071484047915839
285,2.0272478773657903
286,2.3427402207302483
287,0.9165062387438145
288,1.8160505235433022
289,1.2163543336769769
290,1.2502502052781166
291,2.136757616384859
292,0.8304628723716891
293,0.18122656247292881
294,0.4497861605434999
295,-0.10819203350603761
296,-0.37153688209951036
297,-0.6609554780784759
298,-0.301137764158681
299,-0.8173979623914306
300,-0.5253719916739155
301,-1.4327384006890511
302,-0.619237482261688
303,-1.1224608068016912
304,-0.6661702275555742
305,-0.5931637348761961
306,-0.6557407286013774
307,-0.6140227327845896
308,0.1577601898259857
309,0.6922720112285792
310,2.832926671577505
311,1.3571525695586355
312,4.313915523073475
313,1.2111395841998784
314,1.3180419484803974
315,2.5643670735069333
316,2.1471871153390554
317,0.8278554976331395
318,1.4040853148525219
319,2.5148269534744983
320,1.7326145319097264
321,0.8982546155739698
322,2.1967272353714904
323,1.2267838326311735
324,0.19687081090422393
325,-0.31938938732852573
326,-0.10297728402893831
327,-0.4758318716414805
328,-0.36892950736096164
329,0.2881289267534477
330,0.3715649183870225
331,0.7522416302152117
332,1.0416602261941772
333,1.20592483472278
334,2.6112998188008207
335,1.7977989003734574
336,1.5031655549173937
337,2.574796572461131
338,4.18876153562311
339,3.169278012850358
340,2.99197653062901
341,2.822497172623309
342,3.114523143340824
343,3.284002501346524
344,3.847195444873159
345,1.8838422667455819
346,1.0286233525014319
347,1.2293912073697233
348,0.4497861605434999
349,-0.19684277461671174
350,-0.19945014935526045
351,-0.27767139151173786
352,-0.08994041033619285
353,-0.18380590092396534
354,-0.46800974742583246
355,0.11864956874774653
356,-0.0012896692255187324
357,-0.7913242150059379
358,-0.8825823308551616
359,-0.5071203685040707
360,1.075556097795318
361,3.430015486705282
362,9.977133455202424
