res_6B2F_S5+HLN_A,6B2F_S5+HLN_A
34,11.10270754627692
35,9.341690740908593
36,4.8210317466399015
37,-0.059347143847320066
38,0.33258647442063083
39,-1.036496712679745
40,-0.8915349634573527
41,0.29768827553375876
42,0.3728536269824062
43,1.3902703483766068
44,1.0842399889071117
45,1.8224711192063339
46,2.8345188869256313
47,1.9379036232167577
48,1.5567079122986134
49,-0.27947424451836095
50,-0.36000854964191265
51,-1.151929216690169
52,-0.008342083935737099
53,-0.8995883939697072
54,-1.5626541728202814
55,-2.1961907064588866
56,-1.8472087175901635
57,-1.6082902790569606
58,-1.0794483420789727
59,-0.3814843643415259
60,-1.6968780146928673
61,-0.7170439690229905
62,-2.751877411811392
63,-1.253939336513334
64,-1.8740534859646807
65,-1.898213777501746
66,-1.4982267287214401
67,-0.792209320471639
68,-1.1760895082272342
69,-0.8727436255951906
70,-1.100924156778586
71,-0.6633544322739564
72,0.23326083143491705
73,0.05071640648820037
74,-0.01907999128554469
75,0.42385868689398914
76,-0.46738762313998095
77,0.9097489944727496
78,0.3674846733075029
79,0.4668103162932167
80,-0.03787132914770583
81,0.7647872452503571
82,0.3460088586078896
83,-0.8083161814963489
84,-0.045924759660061286
85,0.24399873878472367
86,-0.5183926830515639
87,-0.6633544322739564
88,0.10977489691213783
89,1.121822664631435
90,0.6896218938017087
91,-0.07545400487203002
92,1.0171280679708188
93,0.5178153762047987
94,0.15809547998626866
95,-0.6660389091114075
96,-0.5398684977511772
97,-1.3640028868488543
98,-1.3881631783859198
99,-1.350580502661596
100,-1.4418527151349543
101,-2.0565979109113974
102,-2.3143076873067625
103,-1.8633155786148736
104,-2.096865063473173
105,-2.370681700893248
106,-2.7572463654862953
107,-1.4901732982090852
108,-1.366687363686306
109,-1.339842595311789
110,-0.9505934538812901
111,-0.8351609498708664
112,-1.1599826472025243
113,-1.3720563173612097
114,-0.5264461135639183
115,-0.06203162068477125
116,-0.8566367645704797
117,0.013133730763876179
118,0.5688204361163817
119,0.10440594323723451
120,0.1419886189615587
121,0.917802424985105
122,-0.6553010017616009
123,-1.0955552031036826
124,-0.8942194402948038
125,-1.9921704668125562
126,-1.2995754427500135
127,-1.8660000554523257
128,-1.8525776712650668
129,-1.9545877910882323
130,-1.6029213253820573
131,-1.5170180665836022
132,-1.2834685817253026
133,-1.0445501431920996
134,-1.4042700394106302
135,-1.6754021999932536
136,-1.0391811895171963
137,-1.1841429387395899
138,-0.5425529745886293
139,-0.6714078627863118
140,-0.15867278683303385
141,-0.15330383315813054
142,0.3272175207457275
143,0.15541100314881748
144,0.24399873878472367
145,-0.2821587213558121
146,-0.5398684977511772
147,-0.9881761296056143
148,-0.3385327349422984
149,-1.3344736416368856
150,-1.793519180841129
151,-0.7626800752596702
152,-0.8485833340581251
153,-1.710300398880126
154,-1.1197154946407482
155,0.03192506862603827
156,0.6493547412399333
157,-0.9532779307187413
158,-0.47007209997743304
159,-1.2593082901882373
160,0.04534745281329705
161,-0.2767897676809088
162,0.6171410191905125
163,-0.4298049474156567
164,-0.38685331801642925
165,-0.964015838068549
166,-1.5680231264951847
167,-1.4633285298345682
168,-1.1734050313897821
169,-1.2083032302766552
170,-1.2834685817253026
171,-0.7304663532102493
172,-0.212362323582068
173,3.47342437423914
174,5.83576399119665
175,4.659963136392798
176,1.570130296485872
177,1.325842904277766
178,1.500333898712127
179,0.15809547998626866
180,0.04266297597584491
181,0.41043630270673037
182,-0.6016114650125668
183,-1.1572981703650722
184,-1.6029213253820573
185,-0.6123493723623734
186,-0.7063060616731839
187,-0.9264331623442248
188,-0.982807175930711
189,-0.8781125792700939
190,-0.5506064051009838
191,-1.036496712679745
192,0.005080300251521677
193,-0.09961429640909543
194,-0.0700850511971267
195,0.49902403834263753
196,-0.7036215848357318
197,-0.8781125792700939
198,-1.2485703828384307
199,-1.0445501431920996
200,-1.1411913093403623
201,0.15541100314881748
202,1.9566949610789197
203,3.172762968444547
204,2.917737668886634
205,4.386146498972724
206,3.7982460715707966
207,2.555333295830653
208,2.1285014786758287
209,0.5151308993673475
210,0.48291717731792666
211,0.9875988227588491
212,-0.537184020913726
213,0.3540622891202441
214,-0.45396523895272217
215,-0.8807970561075451
216,-0.4378583779280122
217,-0.5049702988643051
218,-0.38416884117897804
219,0.20373158622294832
220,0.3674846733075029
221,-0.048609236497513426
222,0.9714919617341392
223,-0.15330383315813054
224,-0.1076677269214509
225,-0.12377458794616085
226,-0.5452374514260805
227,-0.8512678108955763
228,-0.9586468843936456
229,-1.0579725273793585
230,-0.4996013451894018
231,0.49902403834263753
232,0.03192506862603827
233,2.4479542223325836
234,3.72308072012215
235,5.159275828158817
236,3.2667196577553574
237,1.7473057677576855
238,1.843946933905947
239,2.1285014786758287
240,1.1540363866808558
241,1.8627382717681094
242,1.6936162310086513
243,1.2909447053908938
244,0.9714919617341392
245,1.9513260074040164
246,1.7956263508318164
247,0.6413013107275779
248,-0.19893993939480922
249,-0.045924759660061286
250,0.15004204947391417
251,-0.2660518603311022
252,0.03460954546349041
253,0.4694947931306679
254,2.507012712756521
255,2.7861983038515
256,1.9164278085171433
257,4.123067768902454
258,7.4061829411059055
259,9.730939882339092
260,9.239680621085428
261,-1.0
262,-1.0
263,-1.0
264,-1.0
265,-1.0
266,-1.0
267,-1.0
268,-1.0
269,-1.0
270,-1.0
271,-1.0
272,-1.0
273,-1.0
274,12.992579239842925
275,10.130926931119397
276,7.701475393225595
277,4.184810736163845
278,3.9754215428426107
279,4.3941999294850795
280,2.6331831241167523
281,2.2412495058488013
282,2.09897223346386
283,0.8265302125117467
284,0.07487669802526578
285,1.6828783236588447
286,1.2345706918044075
287,0.9768609154090425
288,0.574189389791285
289,1.6775093699839405
290,1.7580436751074922
291,1.7419368140827822
292,0.8184767819993912
293,1.5647613428109688
294,0.8587439345611676
295,-0.38685331801642925
296,-0.7036215848357318
297,-0.4888634378395951
298,-0.42712047057820557
299,-0.7385197837226047
300,-0.33047930442994294
301,-1.066025957891714
302,-1.033812235842293
303,-0.24457604563148888
304,-0.5479219282635326
305,-0.048609236497513426
306,-0.3197413970801363
307,-0.22846918460677795
308,-0.22578470776932677
309,0.9768609154090425
310,2.627814170441849
311,2.6197607399294935
312,3.8304597936202183
313,3.0922286633209963
314,2.1929289227746707
315,3.0278012192221544
316,3.3204091945043923
317,2.0184379283403096
318,1.6291887869098096
319,3.3016178566422303
320,2.898946331024472
321,0.8855887029356841
322,1.4842270376874172
323,1.3580566263271867
324,0.5043929920175408
325,-0.34658616545465387
326,0.1849402483607862
327,0.41043630270673037
328,-0.12109011110870967
329,-0.15598830999558172
330,1.943272576891661
331,1.5030183755495792
332,0.694990847476612
333,1.6426111710970683
334,2.595600448392428
335,1.9191122853545957
336,2.2573563668735113
337,3.5995947855993706
338,5.4599372339534105
339,4.7297595341665435
340,3.486846758426398
341,2.7432466744522728
342,2.8774705163248586
343,3.23987488938084
344,3.5781189708997556
345,1.7499902445951376
346,1.5728147733233244
347,0.8667973650735221
348,0.5339222372295096
349,0.2601055998094346
350,0.6493547412399333
351,0.2815814145090479
352,-0.3519551191295572
353,-0.8297919961959631
354,-0.20162441623226138
355,-0.07813848170948216
356,0.5553980519291228
357,-0.45664971579017427
358,0.1178283274244933
359,0.5124464225298954
360,1.924481239029499
361,5.145853443971559
362,8.020928136882349
363,9.314845972534076
364,9.424909522869596
