Residue,rep_1,rep_2,rep_3,rep_4,rep_5,Mean,STD
34,0.3628,0.3913,0.3495,0.3061,0.4401,0.36995999999999996,0.04980710792647973
35,0.2575,0.2131,0.2357,0.1632,0.308,0.2355,0.05354750227601657
36,0.126,0.1305,0.1361,0.0944,0.2,0.13740000000000002,0.03855846210626145
37,0.0509,0.0754,0.0652,0.0499,0.0911,0.0665,0.01735641091931163
38,0.0293,0.0295,0.0258,0.0241,0.0288,0.027499999999999997,0.002417643480747316
39,0.0105,0.0134,0.0128,0.0138,0.0139,0.012879999999999999,0.0013989281611290834
40,0.0101,0.0124,0.011,0.0132,0.0121,0.011760000000000001,0.0012177848742696718
41,0.0165,0.0173,0.0171,0.0186,0.0204,0.017980000000000003,0.0015546703830716018
42,0.0264,0.0263,0.0263,0.0282,0.0275,0.026940000000000002,0.0008677557259966651
43,0.0404,0.0369,0.0362,0.0391,0.0397,0.03846000000000001,0.0018201648277010503
44,0.0382,0.033,0.0367,0.0375,0.0382,0.036719999999999996,0.002169562167811744
45,0.0496,0.0479,0.0427,0.0453,0.0643,0.04996,0.008432555958901189
46,0.0715,0.064,0.0581,0.0669,0.0696,0.06602,0.0052542363860032006
47,0.0664,0.0475,0.0476,0.0572,0.0512,0.05398000000000001,0.007985111145125031
48,0.0279,0.0274,0.029,0.0308,0.0291,0.028839999999999998,0.0013126309458488324
49,0.0151,0.0163,0.0162,0.0175,0.0181,0.01664,0.001178134118001852
50,0.0111,0.0132,0.0156,0.0145,0.0152,0.013920000000000002,0.0018212632978237932
51,0.0116,0.0135,0.0161,0.0127,0.0153,0.01384,0.0018487833837418596
52,0.011,0.0111,0.0147,0.0113,0.0141,0.01244,0.0018049930747789586
53,0.0128,0.0112,0.0154,0.0104,0.0133,0.012620000000000001,0.0019473058311420938
54,0.0135,0.0109,0.0163,0.0111,0.0131,0.01298,0.0021890637268019396
55,0.0136,0.0106,0.0151,0.0101,0.0121,0.0123,0.002079663434308542
56,0.0127,0.0108,0.0137,0.0102,0.0116,0.0118,0.0014159802258506295
57,0.0117,0.0102,0.012,0.0099,0.0107,0.0109,0.0009192388155425116
58,0.0107,0.0104,0.0107,0.0104,0.0105,0.01054,0.0001516575088810309
59,0.0153,0.0153,0.0142,0.0146,0.0145,0.014780000000000001,0.0004969909455915664
60,0.0149,0.0136,0.0149,0.0124,0.0122,0.013599999999999998,0.0013019216566291535
61,0.0124,0.0109,0.0109,0.0099,0.0093,0.01068,0.0011798304963002101
62,0.0119,0.01,0.0099,0.009,0.0084,0.00984,0.001327780102275976
63,0.0104,0.0096,0.0089,0.0092,0.0085,0.009319999999999998,0.000725947656515261
64,0.0104,0.0101,0.0086,0.0104,0.0085,0.0096,0.0009669539802906854
65,0.0099,0.0099,0.0083,0.0092,0.0082,0.0091,0.0008276472678623426
66,0.0117,0.0107,0.0104,0.012,0.0111,0.011179999999999999,0.0006685805860178715
67,0.0213,0.022,0.0186,0.0205,0.0202,0.02052,0.0012833549781724465
68,0.0096,0.0097,0.0078,0.0106,0.0082,0.009179999999999999,0.0011541230437002805
69,0.0114,0.0106,0.0096,0.0109,0.0092,0.010339999999999998,0.0009154233993076649
70,0.0123,0.0124,0.011,0.0128,0.01,0.011699999999999999,0.0011661903789690602
71,0.0223,0.0202,0.0212,0.0209,0.0213,0.021179999999999997,0.0007596051605933183
72,0.0163,0.0137,0.0144,0.0145,0.013,0.014379999999999999,0.0012316655390161727
73,0.0161,0.0146,0.0131,0.0158,0.0125,0.014419999999999999,0.0015959323293924465
74,0.0175,0.0157,0.0142,0.0161,0.0137,0.01544,0.0015257784898208523
75,0.0153,0.0146,0.0125,0.0144,0.0158,0.01452,0.001259761882261882
76,0.0143,0.0133,0.0115,0.0146,0.0109,0.012919999999999997,0.0016558985476169729
77,0.0237,0.0222,0.021,0.0234,0.0218,0.022420000000000002,0.0011233877335986887
78,0.0185,0.0147,0.0154,0.0175,0.0162,0.016460000000000002,0.0015436968614336171
79,0.0132,0.0122,0.0107,0.0134,0.0111,0.01212,0.0012111977542911812
80,0.013,0.0125,0.0103,0.0145,0.0115,0.01236,0.001580506248010428
81,0.0188,0.0179,0.0155,0.0195,0.0184,0.01802,0.0015254507530562892
82,0.0159,0.0154,0.013,0.0173,0.0142,0.015160000000000002,0.0016410362579784763
83,0.0131,0.013,0.0118,0.0132,0.0125,0.012719999999999999,0.0005805170109479998
84,0.014,0.0137,0.0121,0.0145,0.0148,0.013819999999999999,0.0010521406750050113
85,0.0161,0.0145,0.0133,0.0159,0.0144,0.01484,0.0011610340218959998
86,0.0156,0.0166,0.0144,0.0147,0.0151,0.015279999999999998,0.0008642916174532761
87,0.0149,0.0144,0.0137,0.0156,0.0158,0.014879999999999999,0.0008642916174532761
88,0.0214,0.0175,0.0194,0.0201,0.0175,0.01918,0.0016932217811025218
89,0.0272,0.0211,0.0263,0.0235,0.0242,0.02446,0.0024068651811017575
90,0.0167,0.0143,0.0151,0.0156,0.017,0.01574,0.0011193748255164577
91,0.0165,0.0133,0.0146,0.0162,0.0168,0.015479999999999999,0.0014855975228843107
92,0.0166,0.0146,0.0147,0.0164,0.0163,0.015719999999999998,0.0009833615815151618
93,0.0177,0.016,0.0181,0.0163,0.0178,0.017179999999999997,0.0009576011695899296
94,0.0171,0.0151,0.0171,0.0165,0.0177,0.0167,0.0009899494936611666
95,0.013,0.0133,0.0142,0.0132,0.0152,0.01378,0.0009176055797563573
96,0.0105,0.0126,0.0163,0.0138,0.0166,0.01396,0.002563786262542179
97,0.0091,0.0112,0.0123,0.0118,0.0135,0.011579999999999998,0.0016238842323269228
98,0.0102,0.0108,0.0124,0.0106,0.0127,0.01134,0.0011304866208850057
99,0.01,0.0097,0.013,0.01,0.0118,0.0109,0.0014387494569938154
100,0.0101,0.0097,0.0119,0.0095,0.0104,0.01032,0.0009497368056467017
101,0.012,0.0094,0.0132,0.0093,0.0106,0.010900000000000002,0.0016881943016134133
102,0.0111,0.0096,0.012,0.009,0.0099,0.01032,0.0012111977542911814
103,0.0118,0.0091,0.0118,0.0088,0.0097,0.01024,0.0014604793733565698
104,0.0108,0.0089,0.0103,0.0088,0.0086,0.009479999999999999,0.0009984988733093294
105,0.0121,0.0094,0.0111,0.0088,0.0089,0.01006,0.0014673104647619738
106,0.012,0.0097,0.0111,0.0091,0.0088,0.010140000000000001,0.001364917579929279
107,0.0102,0.0092,0.0096,0.0093,0.0087,0.0094,0.0005522680508593635
108,0.0092,0.0091,0.009,0.0091,0.009,0.009080000000000001,8.366600265340788e-05
109,0.0091,0.0119,0.0105,0.0102,0.0104,0.01042,0.0009984988733093294
110,0.0151,0.0168,0.0165,0.0165,0.015,0.01598,0.00085848704125339
111,0.0146,0.0177,0.0171,0.0194,0.0167,0.017099999999999997,0.001736375535418534
112,0.0109,0.0124,0.0098,0.0134,0.0115,0.011600000000000003,0.0013802173741842263
113,0.0085,0.0106,0.0086,0.0115,0.0103,0.0099,0.0013095800853708793
114,0.011,0.0128,0.0107,0.0142,0.012,0.012140000000000001,0.0014205632685663817
115,0.0219,0.0186,0.018,0.0221,0.0192,0.01996,0.0019112822920751408
116,0.015,0.0171,0.0156,0.0173,0.0169,0.01638,0.0010183319694480775
117,0.0107,0.0115,0.01,0.0139,0.0131,0.01184,0.0016303373883954204
118,0.0223,0.0193,0.0225,0.0223,0.0206,0.021399999999999995,0.0014035668847618193
119,0.0215,0.0191,0.0194,0.0207,0.018,0.01974,0.0013758633653092156
120,0.015,0.0166,0.0146,0.0189,0.0165,0.01632,0.0016932217811025231
121,0.0233,0.0216,0.0227,0.0259,0.0218,0.02306,0.0017300289014926884
122,0.0108,0.0121,0.011,0.0143,0.0136,0.01236,0.0015533834040570922
123,0.0091,0.0113,0.0105,0.0125,0.0127,0.011220000000000003,0.0014872793954062563
124,0.0081,0.0103,0.0107,0.011,0.0115,0.01032,0.001316054710108968
125,0.0087,0.0097,0.0116,0.0106,0.0113,0.010379999999999999,0.0011903780911962382
126,0.0092,0.0097,0.011,0.0098,0.0102,0.00998,0.0006723094525588644
127,0.0111,0.0092,0.0121,0.0096,0.0104,0.01048,0.0011649034294738772
128,0.0121,0.009,0.0132,0.0099,0.0104,0.01092,0.0017020575783445165
129,0.0144,0.0092,0.0147,0.0105,0.0105,0.01186,0.0025145576151681228
130,0.0155,0.0096,0.0146,0.0107,0.0105,0.01218,0.0026715164233071824
131,0.0167,0.0109,0.0158,0.0109,0.0114,0.013140000000000002,0.002864087987475245
132,0.0184,0.0117,0.0159,0.0112,0.0106,0.01356,0.003416577234601905
133,0.0165,0.011,0.0137,0.01,0.0098,0.012199999999999999,0.002862691041659928
134,0.0163,0.0111,0.0141,0.0104,0.0104,0.01246,0.0026349573051569542
135,0.0184,0.0153,0.0175,0.0165,0.0142,0.016380000000000002,0.0016783920876839238
136,0.0198,0.0137,0.0156,0.0157,0.0132,0.0156,0.0025990382836734056
137,0.0165,0.011,0.0134,0.0119,0.011,0.012759999999999999,0.0023093289068471827
138,0.0183,0.0137,0.0157,0.0132,0.0127,0.01472,0.0023026072179162475
139,0.0291,0.0267,0.0273,0.0248,0.0252,0.026619999999999998,0.0017282939564784697
140,0.025,0.019,0.019,0.0182,0.0179,0.019819999999999997,0.002936324232778118
141,0.0208,0.0122,0.0174,0.0141,0.0135,0.0156,0.0034820970692960294
142,0.0257,0.0136,0.0256,0.0173,0.0178,0.019999999999999997,0.005406939984871296
143,0.0239,0.0121,0.0205,0.0148,0.0144,0.01714,0.004882929448599478
144,0.0253,0.0139,0.0233,0.0198,0.0171,0.019880000000000002,0.0045980430619993115
145,0.0211,0.0114,0.0183,0.0148,0.0132,0.01576,0.003919566302539096
146,0.0194,0.0121,0.0172,0.0139,0.0121,0.01494,0.0032485381327606424
147,0.0199,0.0105,0.0182,0.0135,0.0131,0.015040000000000001,0.003884327483619269
148,0.0212,0.0134,0.0188,0.0173,0.0157,0.01728,0.0029676590100616348
149,0.0164,0.0102,0.0147,0.0119,0.0112,0.012879999999999999,0.0025820534463871967
150,0.0156,0.0096,0.0151,0.0114,0.0111,0.012560000000000002,0.00264253666010521
151,0.0181,0.0121,0.0173,0.0144,0.0137,0.01512,0.0025143587651725446
152,0.0224,0.0208,0.0236,0.0237,0.0209,0.02228,0.0014024977718342375
153,0.0128,0.0098,0.0133,0.0118,0.0112,0.01178,0.001379130160644745
154,0.0139,0.0107,0.0153,0.0129,0.0126,0.01308,0.0016976454282328804
155,0.0193,0.0153,0.0216,0.0206,0.0201,0.01938,0.0024283739415501895
156,0.0194,0.0151,0.0215,0.0177,0.017,0.01814,0.0024296090220444926
157,0.0141,0.0122,0.0146,0.0146,0.0139,0.01388,0.000988433103452125
158,0.0103,0.0093,0.011,0.0113,0.0103,0.01044,0.0007733045971672481
159,0.0127,0.0109,0.0127,0.012,0.0122,0.0121,0.0007382411530116699
160,0.0277,0.0245,0.034,0.0248,0.0246,0.02712,0.004070257977082044
161,0.0216,0.0194,0.0245,0.0242,0.0194,0.02182,0.0024803225596683994
162,0.0302,0.0277,0.0309,0.0335,0.0279,0.03004,0.002387048386606355
163,0.0154,0.0131,0.0155,0.0178,0.016,0.01556,0.0016801785619391765
164,0.016,0.0165,0.0158,0.0156,0.0149,0.01576,0.0005856620185738532
165,0.0132,0.0127,0.0141,0.0126,0.0125,0.01302,0.0006610597552415362
166,0.0119,0.0105,0.0141,0.0116,0.0118,0.011980000000000001,0.001310343466423975
167,0.0132,0.0102,0.0147,0.0113,0.0116,0.012199999999999999,0.0017621010186706094
168,0.0143,0.0098,0.0156,0.0108,0.0112,0.01234,0.0024795160818191922
169,0.0151,0.0101,0.0159,0.0102,0.0113,0.01252,0.002775247736689466
170,0.0178,0.0108,0.0169,0.0113,0.0118,0.01372,0.003347685767810354
171,0.021,0.0149,0.0195,0.0141,0.0145,0.016800000000000002,0.0032062439083762797
172,0.0278,0.0224,0.0245,0.0183,0.0196,0.022519999999999995,0.0038127417956111314
173,0.0548,0.0558,0.0449,0.0313,0.034,0.04416,0.01137818087393587
174,0.1243,0.1284,0.111,0.0742,0.0878,0.10513999999999998,0.023454381253829735
175,0.0882,0.1032,0.0871,0.1047,0.0914,0.09492,0.008409934601410407
176,0.0543,0.0572,0.0644,0.075,0.1291,0.076,0.030738819105489392
177,0.0411,0.0371,0.0454,0.0914,0.0783,0.05865999999999999,0.024528819784082556
178,0.046,0.0362,0.0427,0.0443,0.0666,0.04716,0.011483161585556482
179,0.0302,0.0214,0.0282,0.0243,0.0268,0.02618,0.003428119017770533
180,0.0231,0.0139,0.0209,0.0155,0.0163,0.017939999999999998,0.0038843274836192682
181,0.0325,0.0233,0.029,0.0267,0.025,0.0273,0.0035909608741950946
182,0.0294,0.0249,0.0292,0.0275,0.0259,0.027379999999999998,0.0019841874911408954
183,0.0218,0.0126,0.0196,0.0154,0.0153,0.01694,0.0036943199644860216
184,0.0221,0.0119,0.0201,0.014,0.014,0.01642,0.004414408227611036
185,0.0231,0.0118,0.0207,0.0145,0.0135,0.01672,0.0049002040773829
186,0.021,0.0112,0.0188,0.0138,0.0127,0.0155,0.004194043395102155
187,0.0187,0.0103,0.0185,0.0127,0.0124,0.01452,0.0038382287581643698
188,0.0211,0.0111,0.0206,0.0143,0.0138,0.01618,0.004437003493349989
189,0.0216,0.0112,0.0207,0.0152,0.0137,0.01648,0.00450743829685998
190,0.0191,0.0106,0.0185,0.0138,0.0127,0.014939999999999998,0.0037125462960076335
191,0.0184,0.0109,0.0193,0.0134,0.0131,0.01502,0.0036410163416277057
192,0.022,0.0116,0.0219,0.0161,0.0153,0.01738,0.004504109234909828
193,0.024,0.0154,0.0225,0.0188,0.0193,0.02,0.003366749173906485
194,0.0229,0.0158,0.0222,0.018,0.0189,0.01956,0.0029636126602509984
195,0.0209,0.0171,0.0233,0.0192,0.0189,0.019880000000000002,0.0023392306427541514
196,0.0208,0.0163,0.0214,0.0201,0.0204,0.0198,0.0020161845153655955
197,0.0176,0.0112,0.0191,0.0143,0.0138,0.0152,0.003151983502494897
198,0.0167,0.0103,0.018,0.0115,0.0125,0.013799999999999998,0.0033645207682521435
199,0.0165,0.0104,0.0176,0.0107,0.0121,0.01346,0.0033619934562696585
200,0.0181,0.0107,0.0181,0.0113,0.0124,0.014119999999999999,0.0036840195439221016
201,0.0206,0.0135,0.0204,0.0132,0.0152,0.01658,0.003659508163674458
202,0.0299,0.0288,0.0364,0.0283,0.0333,0.03134,0.0034355494465951163
203,0.1348,0.1314,0.1742,0.1173,0.1434,0.14021999999999998,0.021196980917102322
204,0.1956,0.1886,0.2364,0.2312,0.1766,0.20568,0.02661751303183676
205,0.2833,0.2184,0.2172,0.235,0.1982,0.23042,0.03230575800070322
206,0.2417,0.1904,0.2312,0.31,0.219,0.23846000000000003,0.044355473168482824
207,0.1849,0.1761,0.1851,0.2312,0.2004,0.19554,0.021767935134045208
208,0.0986,0.0936,0.1381,0.179,0.1206,0.12598,0.03458716524955464
209,0.0527,0.0663,0.1197,0.1225,0.0914,0.09051999999999999,0.031192659392876396
210,0.04,0.0303,0.0517,0.0526,0.0424,0.0434,0.009188307787617913
211,0.0392,0.0244,0.0315,0.0254,0.0263,0.029359999999999997,0.006145160697654699
212,0.0281,0.0155,0.0244,0.0171,0.0176,0.020540000000000003,0.005429825043221927
213,0.0268,0.0127,0.0253,0.0162,0.0154,0.01928,0.006336955104780213
214,0.0286,0.0128,0.0261,0.0169,0.0166,0.020200000000000003,0.006781961368217899
215,0.0267,0.0124,0.0241,0.016,0.0153,0.0189,0.006154266812545587
216,0.0247,0.0117,0.0231,0.015,0.0149,0.01788,0.005681725090146477
217,0.0269,0.0126,0.026,0.0169,0.0158,0.01964,0.0064220713169506295
218,0.0287,0.0134,0.027,0.018,0.0164,0.0207,0.006759437846448475
219,0.0265,0.0126,0.0247,0.0172,0.0152,0.01924,0.006064074537800471
220,0.0266,0.0131,0.0263,0.0177,0.0156,0.01986,0.006233217467728845
221,0.0244,0.0123,0.0239,0.0162,0.0154,0.01844,0.00541507156000731
222,0.025,0.0154,0.026,0.0178,0.0178,0.020399999999999998,0.004770744176750626
223,0.0222,0.0118,0.0237,0.0143,0.0153,0.01746,0.005198365127614643
224,0.0211,0.015,0.0266,0.0164,0.017,0.01922,0.004708715323737463
225,0.0198,0.0127,0.0215,0.0148,0.0149,0.016739999999999998,0.0037246476343407303
226,0.0189,0.0105,0.0207,0.0127,0.0141,0.015380000000000001,0.004281588490268536
227,0.0182,0.0104,0.0199,0.0116,0.0135,0.01472,0.004148132109757355
228,0.0207,0.011,0.0212,0.0122,0.0138,0.01578,0.004826178612525649
229,0.0192,0.0113,0.02,0.0117,0.0135,0.01514,0.004164492766232162
230,0.0209,0.012,0.0207,0.0122,0.0144,0.01604,0.004446684157886637
231,0.0227,0.0126,0.0231,0.013,0.0149,0.017259999999999998,0.005223313124827957
232,0.0245,0.0148,0.0248,0.0144,0.0164,0.01898,0.005230869908533379
233,0.0329,0.0268,0.0733,0.0337,0.0327,0.039880000000000006,0.018884173267580448
234,0.0628,0.0569,0.1208,0.0985,0.058,0.0794,0.028803385217713563
235,0.0511,0.0685,0.1317,0.1077,0.0461,0.08102000000000001,0.03725469097979475
236,0.0512,0.0756,0.0819,0.0802,0.135,0.08478,0.030672495822805162
237,0.0474,0.0473,0.0546,0.046,0.0591,0.05088,0.005704121317082939
238,0.0545,0.0612,0.0572,0.0535,0.0473,0.05474,0.005116932674952836
239,0.0398,0.0311,0.0385,0.0396,0.0322,0.03624,0.00423709806353358
240,0.0273,0.0163,0.0277,0.018,0.0192,0.0217,0.005395831724581486
241,0.0283,0.0205,0.0302,0.0189,0.021,0.023780000000000003,0.005097744599330178
242,0.033,0.0273,0.0339,0.0248,0.0268,0.029160000000000002,0.004038935503322627
243,0.0267,0.0159,0.0268,0.0175,0.0173,0.02084,0.005430285443694466
244,0.0262,0.0156,0.0279,0.0169,0.0179,0.020900000000000002,0.005704822521341047
245,0.0344,0.0296,0.0351,0.0298,0.03,0.031779999999999996,0.0027261694738221977
246,0.0452,0.0211,0.0338,0.0225,0.0252,0.029559999999999996,0.010037579389474336
247,0.028,0.0207,0.0314,0.0235,0.0232,0.02536,0.004280537349445744
248,0.0219,0.0115,0.0236,0.013,0.0156,0.01712,0.005378382656524171
249,0.0199,0.0128,0.022,0.0129,0.0151,0.01654,0.004195592925916431
250,0.0202,0.0119,0.0216,0.0124,0.0147,0.01616,0.004481406029361767
251,0.0185,0.0112,0.02,0.0113,0.0139,0.014979999999999999,0.004080073528749207
252,0.0196,0.012,0.0207,0.0123,0.0145,0.01582,0.004087419723982356
253,0.0188,0.0157,0.0221,0.0147,0.0161,0.017480000000000002,0.002995329698046612
254,0.025,0.0227,0.0263,0.0211,0.0206,0.023140000000000004,0.0024623159829721287
255,0.024,0.0162,0.023,0.0159,0.017,0.01922,0.003943602414037196
256,0.0256,0.0228,0.0242,0.0219,0.02,0.0229,0.002144761058952722
257,0.0418,0.1148,0.0401,0.0932,0.0745,0.07288,0.03245499961485133
258,0.1798,0.2119,0.1851,0.1809,0.1628,0.1841,0.017721879132868504
259,0.301,0.261,0.3507,0.28,0.2338,0.2853,0.04414317614309147
260,0.3481,0.3012,0.4129,0.355,0.3454,0.35252,0.039861848928518094
261,0.4128,0.371,0.5898,0.3628,0.453,0.43788,0.09225948189752639
262,0.5738,0.4378,0.6201,0.3226,0.3934,0.46954,0.12443326725598744
263,0.6636,0.4555,0.6177,0.3614,0.3457,0.48878000000000005,0.14576308517591138
264,0.7622,0.4541,0.5472,0.3522,0.4419,0.51152,0.1562373098846751
265,0.7192,0.3999,0.4991,0.3774,0.5789,0.5148999999999999,0.1398350635570349
266,0.6085,0.4339,0.6142,0.4079,0.5872,0.53034,0.10083002033124858
267,0.6696,0.4419,0.5501,0.3975,0.5596,0.52374,0.10711005088225846
268,0.5866,0.4803,0.4864,0.5029,0.5284,0.51692,0.04317449478569495
269,0.5354,0.4467,0.4414,0.5277,0.5296,0.49616,0.04769101592543398
270,0.4443,0.3989,0.4985,0.4984,0.5667,0.4813599999999999,0.06332486083679932
271,0.4117,0.431,0.4442,0.4154,0.4323,0.42691999999999997,0.013309282475024711
272,0.4325,0.4121,0.4258,0.331,0.3506,0.39039999999999997,0.04639197128814424
273,0.3685,0.3636,0.4683,0.4059,0.3729,0.39583999999999997,0.04377439891077889
274,0.327,0.3459,0.3355,0.3254,0.2846,0.32368,0.023316667857993766
275,0.1813,0.1951,0.2684,0.1828,0.2037,0.20625999999999997,0.03593693086505859
276,0.0955,0.1008,0.1263,0.0992,0.1241,0.10918000000000001,0.014770477311177185
277,0.0434,0.041,0.0496,0.0404,0.0557,0.04602,0.0065224228627098375
278,0.038,0.0366,0.0622,0.0325,0.0342,0.0407,0.012204917041913885
279,0.056,0.0507,0.0498,0.0512,0.0486,0.05125999999999999,0.0028280735492557485
280,0.0414,0.0363,0.0365,0.0415,0.0328,0.0377,0.0037262581767773416
281,0.0273,0.0236,0.027,0.0216,0.0223,0.02436,0.0026482069405543065
282,0.0325,0.0236,0.033,0.0274,0.0288,0.029059999999999996,0.003872725138710467
283,0.0256,0.0163,0.0261,0.016,0.0191,0.02062,0.004928184249802356
284,0.0222,0.0143,0.0237,0.0137,0.0181,0.018400000000000003,0.0045144213361182845
285,0.0253,0.0162,0.0286,0.0163,0.0195,0.021179999999999997,0.005555807772052593
286,0.0263,0.0162,0.0279,0.0156,0.0191,0.02102,0.00573384687622542
287,0.0246,0.0138,0.0265,0.0143,0.0182,0.019479999999999997,0.0058358375577118315
288,0.0237,0.0158,0.0264,0.0149,0.02,0.02016,0.004954089220028238
289,0.0324,0.0244,0.0329,0.0244,0.0283,0.02848,0.004130012106519785
290,0.0323,0.0219,0.0326,0.0233,0.0266,0.027339999999999996,0.004968198868805475
291,0.0289,0.0165,0.0291,0.0184,0.0218,0.02294,0.005849187977830769
292,0.0259,0.0163,0.0268,0.0169,0.0191,0.021,0.005003998401278723
293,0.0268,0.0211,0.0297,0.0208,0.0233,0.02434,0.0038370561632584954
294,0.0252,0.0237,0.025,0.0221,0.0237,0.02394,0.0012461942063739502
295,0.0218,0.0142,0.0244,0.0166,0.0172,0.018840000000000003,0.004150662597706539
296,0.019,0.0118,0.0213,0.0119,0.0154,0.01588,0.004237570058417913
297,0.0165,0.0108,0.0195,0.0111,0.0144,0.01446,0.0036827978494617377
298,0.0173,0.0122,0.0199,0.0123,0.0159,0.01552,0.0033124009419150937
299,0.016,0.012,0.0167,0.0108,0.0139,0.01388,0.002523291501194422
300,0.0167,0.0124,0.0169,0.0115,0.0135,0.014199999999999999,0.002477902338672773
301,0.0159,0.0122,0.0161,0.0109,0.0125,0.01352,0.0023435016535091244
302,0.0156,0.012,0.0151,0.0116,0.0126,0.01338,0.0018417383093154143
303,0.0163,0.0145,0.0165,0.0156,0.0145,0.015479999999999999,0.0009549869109050653
304,0.0147,0.0126,0.0126,0.0123,0.0122,0.012879999999999999,0.001032956920689338
305,0.0162,0.0132,0.0145,0.0139,0.0168,0.01492,0.0015287249589118375
306,0.0177,0.0135,0.0147,0.0138,0.0137,0.014679999999999999,0.0017498571370257632
307,0.015,0.0123,0.0125,0.0124,0.0105,0.01254,0.0016040573555830225
308,0.0233,0.0213,0.0214,0.02,0.0207,0.02134,0.0012300406497347967
309,0.035,0.0336,0.0347,0.0296,0.0307,0.032720000000000006,0.0024345430782797828
310,0.0532,0.0519,0.0493,0.047,0.0516,0.05059999999999999,0.0024545875417267154
311,0.0403,0.0386,0.0371,0.0392,0.0382,0.038680000000000006,0.0011861703081766973
312,0.0806,0.0505,0.0476,0.0549,0.0523,0.057179999999999995,0.013359528434791403
313,0.058,0.0454,0.0414,0.0436,0.0425,0.046180000000000006,0.006770672049361127
314,0.0641,0.0439,0.0474,0.0488,0.0488,0.0506,0.007808008709011538
315,0.0676,0.0556,0.0605,0.0606,0.0586,0.06057999999999999,0.0044161068827645
316,0.0518,0.0389,0.0415,0.0408,0.0419,0.042980000000000004,0.005063299319613645
317,0.0286,0.0222,0.0256,0.0236,0.0214,0.02428,0.0028934408582170818
318,0.026,0.0211,0.0219,0.0215,0.0205,0.0222,0.002186321110907544
319,0.0403,0.0317,0.0377,0.0401,0.0355,0.037059999999999996,0.0035816197453107726
320,0.0421,0.0362,0.0423,0.046,0.0387,0.041060000000000006,0.003748733119335116
321,0.0233,0.0164,0.0202,0.0167,0.0166,0.01864,0.003045160094313598
322,0.0243,0.0186,0.0211,0.019,0.0199,0.02058,0.0022906331002585287
323,0.0225,0.0192,0.0193,0.0192,0.0195,0.01994,0.0014363147287415803
324,0.0183,0.0145,0.0165,0.0146,0.0159,0.01596,0.0015614096195425465
325,0.0158,0.0129,0.0157,0.0126,0.0145,0.014300000000000002,0.0015083103128998357
326,0.0168,0.0138,0.0163,0.0138,0.0154,0.015220000000000001,0.0013899640283115237
327,0.019,0.0143,0.0178,0.0138,0.0157,0.016119999999999995,0.0022353970564532827
328,0.0178,0.0132,0.0179,0.0125,0.0156,0.0154,0.002514955267991858
329,0.0175,0.0138,0.0179,0.014,0.017,0.016040000000000002,0.001980656456834451
330,0.0197,0.0151,0.0189,0.0148,0.0185,0.017400000000000002,0.002280350850198275
331,0.0226,0.0199,0.0207,0.0156,0.0255,0.020859999999999997,0.0036459566645806415
332,0.0211,0.0152,0.0206,0.0143,0.0177,0.01778,0.003071970051937356
333,0.0234,0.0211,0.026,0.0224,0.0224,0.02306,0.0018352111595127134
334,0.0248,0.0214,0.0257,0.0195,0.0227,0.02282,0.002513364279208249
335,0.0256,0.0204,0.0265,0.0183,0.0223,0.022619999999999998,0.0034506521122825463
336,0.0224,0.0165,0.0242,0.0149,0.0195,0.0195,0.0038942264957241503
337,0.0352,0.0352,0.0357,0.0316,0.0348,0.034499999999999996,0.00165227116418583
338,0.042,0.0443,0.0423,0.0396,0.042,0.04204,0.0016682325976913395
339,0.033,0.0324,0.037,0.0311,0.0326,0.03321999999999999,0.0022297981971469974
340,0.0342,0.0406,0.0376,0.0311,0.0284,0.03438,0.004888967171090433
341,0.025,0.0191,0.0277,0.0201,0.0233,0.02304,0.0035281723313919915
342,0.0295,0.027,0.033,0.0256,0.0317,0.029359999999999997,0.003100483833210552
343,0.0558,0.0522,0.0529,0.0647,0.0577,0.05666,0.005012284908103285
344,0.0548,0.0529,0.0508,0.0643,0.0575,0.05606,0.005225227267784626
345,0.0259,0.0206,0.0259,0.0248,0.0248,0.024399999999999998,0.002194310825749169
346,0.0187,0.0143,0.022,0.0152,0.0193,0.0179,0.0031488092987667577
347,0.0212,0.0184,0.0238,0.0175,0.024,0.02098,0.002995329698046611
348,0.0177,0.0147,0.0221,0.0146,0.0194,0.0177,0.0031960913628993784
349,0.0158,0.012,0.0198,0.0125,0.0168,0.01538,0.00321900605777622
350,0.0139,0.0131,0.0184,0.0126,0.0164,0.014879999999999999,0.0024509181952892677
351,0.0118,0.0119,0.017,0.0123,0.0151,0.013619999999999998,0.002325295680123283
352,0.0134,0.0113,0.0199,0.0138,0.0159,0.014860000000000002,0.0032562248079639716
353,0.0146,0.0105,0.0191,0.0121,0.0154,0.01434,0.003301969109486035
354,0.0132,0.0108,0.0172,0.0116,0.0146,0.01348,0.0025440125785852552
355,0.0161,0.0147,0.02,0.0155,0.0167,0.016599999999999997,0.0020396078054371143
356,0.0203,0.0192,0.0257,0.0208,0.021,0.0214,0.0025029982021567664
357,0.0151,0.0114,0.0192,0.0278,0.0146,0.017620000000000004,0.006330244860982866
358,0.0139,0.0106,0.0165,0.1414,0.0142,0.03932,0.05710321356981584
359,0.0236,0.0233,0.0254,0.2002,0.0215,0.0588,0.07905709961793438
360,0.0335,0.0709,0.0482,0.293,0.0254,0.09419999999999999,0.1124702849645185
361,0.0845,0.1278,0.1157,0.3143,0.0649,0.14143999999999998,0.09978691296958736
362,0.2469,0.2026,0.2985,0.4289,0.2048,0.27634000000000003,0.09379217984459046
