,0,1,2
0,34.0,0.3694,0.3323
1,35.0,0.2129,0.1612
2,36.0,0.1256,0.1876
3,37.0,0.0384,0.0817
4,38.0,0.0247,0.0287
5,39.0,0.0138,0.0193
6,40.0,0.015,0.0167
7,41.0,0.0258,0.0241
8,42.0,0.0241,0.0293
9,43.0,0.027,0.0328
10,44.0,0.0258,0.0365
11,45.0,0.0407,0.0395
12,46.0,0.0664,0.0574
13,47.0,0.0638,0.0409
14,48.0,0.0417,0.0347
15,49.0,0.0203,0.0234
16,50.0,0.0171,0.0201
17,51.0,0.0161,0.0198
18,52.0,0.0144,0.0186
19,53.0,0.0148,0.0209
20,54.0,0.0172,0.0213
21,55.0,0.0154,0.0203
22,56.0,0.0151,0.0195
23,57.0,0.015,0.0182
24,58.0,0.0159,0.0173
25,59.0,0.0268,0.0223
26,60.0,0.0337,0.0259
27,61.0,0.0157,0.0194
28,62.0,0.015,0.0183
29,63.0,0.0177,0.0183
30,64.0,0.0185,0.017
31,65.0,0.0155,0.0173
32,66.0,0.0194,0.0173
33,67.0,0.0225,0.0238
34,68.0,0.0148,0.0166
35,69.0,0.0157,0.0195
36,70.0,0.0172,0.0187
37,71.0,0.0279,0.0313
38,72.0,0.0209,0.0229
39,73.0,0.0192,0.021
40,74.0,0.0206,0.0243
41,75.0,0.0187,0.0216
42,76.0,0.0175,0.0188
43,77.0,0.0312,0.0235
44,78.0,0.0307,0.021
45,79.0,0.0157,0.0201
46,80.0,0.017,0.0209
47,81.0,0.0221,0.0256
48,82.0,0.0202,0.0215
49,83.0,0.0168,0.0199
50,84.0,0.0177,0.0244
51,85.0,0.0165,0.0303
52,86.0,0.0236,0.0289
53,87.0,0.0204,0.0259
54,88.0,0.0249,0.0239
55,89.0,0.0309,0.034
56,90.0,0.0233,0.0313
57,91.0,0.0215,0.0286
58,92.0,0.0183,0.0264
59,93.0,0.0196,0.0242
60,94.0,0.0165,0.0241
61,95.0,0.0158,0.022
62,96.0,0.0156,0.019
63,97.0,0.0137,0.0174
64,98.0,0.0137,0.0176
65,99.0,0.0139,0.0167
66,100.0,0.0141,0.0161
67,101.0,0.0149,0.0179
68,102.0,0.0147,0.0176
69,103.0,0.0157,0.0165
70,104.0,0.0158,0.0161
71,105.0,0.0163,0.0185
72,106.0,0.0162,0.0205
73,107.0,0.0152,0.0161
74,108.0,0.0133,0.0158
75,109.0,0.0148,0.0182
76,110.0,0.0175,0.0193
77,111.0,0.0185,0.0183
78,112.0,0.0146,0.018
79,113.0,0.014,0.0157
80,114.0,0.0152,0.016
81,115.0,0.0215,0.0223
82,116.0,0.0192,0.0187
83,117.0,0.016,0.0177
84,118.0,0.0281,0.0169
85,119.0,0.0238,0.0229
86,120.0,0.0241,0.0216
87,121.0,0.0286,0.0203
88,122.0,0.0148,0.02
89,123.0,0.0135,0.0169
90,124.0,0.0129,0.016
91,125.0,0.0137,0.0163
92,126.0,0.0139,0.0167
93,127.0,0.015,0.0172
94,128.0,0.0158,0.0162
95,129.0,0.0168,0.0175
96,130.0,0.0176,0.0175
97,131.0,0.0196,0.0192
98,132.0,0.0201,0.0239
99,133.0,0.0194,0.0206
100,134.0,0.019,0.02
101,135.0,0.0204,0.0229
102,136.0,0.027,0.0236
103,137.0,0.0202,0.0202
104,138.0,0.0203,0.0253
105,139.0,0.0271,0.0329
106,140.0,0.0255,0.031
107,141.0,0.0222,0.0238
108,142.0,0.0238,0.0263
109,143.0,0.023,0.0268
110,144.0,0.0262,0.0266
111,145.0,0.0229,0.0238
112,146.0,0.0197,0.0233
113,147.0,0.0193,0.0212
114,148.0,0.0221,0.0249
115,149.0,0.0188,0.019
116,150.0,0.0172,0.0188
117,151.0,0.0179,0.0187
118,152.0,0.0252,0.0183
119,153.0,0.0173,0.0161
120,154.0,0.017,0.0175
121,155.0,0.0248,0.0264
122,156.0,0.0298,0.0368
123,157.0,0.0253,0.0287
124,158.0,0.0158,0.0174
125,159.0,0.018,0.0194
126,160.0,0.0303,0.0438
127,161.0,0.0321,0.0355
128,162.0,0.0395,0.0364
129,163.0,0.0175,0.0192
130,164.0,0.0195,0.0245
131,165.0,0.0177,0.0208
132,166.0,0.015,0.0209
133,167.0,0.0142,0.0189
134,168.0,0.0159,0.0175
135,169.0,0.017,0.0186
136,170.0,0.0182,0.0197
137,171.0,0.0265,0.0295
138,172.0,0.0322,0.0413
139,173.0,0.0807,0.1303
140,174.0,0.1577,0.1705
141,175.0,0.15,0.098
142,176.0,0.067,0.0472
143,177.0,0.039,0.0361
144,178.0,0.0351,0.0333
145,179.0,0.026,0.0238
146,180.0,0.0226,0.0233
147,181.0,0.0241,0.0243
148,182.0,0.0225,0.0226
149,183.0,0.0202,0.0202
150,184.0,0.0204,0.022
151,185.0,0.0212,0.0221
152,186.0,0.0203,0.0219
153,187.0,0.0186,0.0205
154,188.0,0.0195,0.0219
155,189.0,0.0201,0.0268
156,190.0,0.0184,0.0257
157,191.0,0.0181,0.0211
158,192.0,0.0212,0.0247
159,193.0,0.0247,0.0238
160,194.0,0.03,0.0222
161,195.0,0.026,0.0264
162,196.0,0.0194,0.0203
163,197.0,0.0168,0.0172
164,198.0,0.0173,0.021
165,199.0,0.0166,0.02
166,200.0,0.0192,0.0236
167,201.0,0.0292,0.0306
168,202.0,0.0689,0.0453
169,203.0,0.1354,0.0733
170,204.0,0.1785,0.0759
171,205.0,0.1548,0.0927
172,206.0,0.1279,0.0841
173,207.0,0.0808,0.0799
174,208.0,0.0552,0.0604
175,209.0,0.0299,0.0261
176,210.0,0.0359,0.0262
177,211.0,0.0308,0.0284
178,212.0,0.0234,0.0247
179,213.0,0.0235,0.0251
180,214.0,0.0261,0.028
181,215.0,0.0226,0.025
182,216.0,0.0214,0.0227
183,217.0,0.023,0.0237
184,218.0,0.0251,0.0252
185,219.0,0.0228,0.0254
186,220.0,0.0216,0.0272
187,221.0,0.0212,0.0214
188,222.0,0.0224,0.0218
189,223.0,0.0209,0.022
190,224.0,0.0219,0.0218
191,225.0,0.0198,0.0209
192,226.0,0.0178,0.0198
193,227.0,0.0177,0.0201
194,228.0,0.0191,0.0214
195,229.0,0.0212,0.0227
196,230.0,0.0206,0.0229
197,231.0,0.0561,0.0256
198,232.0,0.0741,0.0271
199,233.0,0.1517,0.034
200,234.0,0.2124,0.0437
201,235.0,0.1478,0.0441
202,236.0,0.087,0.0385
203,237.0,0.0543,0.0312
204,238.0,0.0637,0.0295
205,239.0,0.0403,0.0286
206,240.0,0.0268,0.0271
207,241.0,0.0314,0.0282
208,242.0,0.046,0.0283
209,243.0,0.0288,0.0244
210,244.0,0.0326,0.0238
211,245.0,0.0519,0.0237
212,246.0,0.0454,0.0227
213,247.0,0.0379,0.0212
214,248.0,0.0192,0.0218
215,249.0,0.0187,0.0212
216,250.0,0.0192,0.0227
217,251.0,0.0192,0.0209
218,252.0,0.0188,0.0223
219,253.0,0.0229,0.0236
220,254.0,0.0319,0.0268
221,255.0,0.0329,0.0293
222,256.0,0.037,0.0277
223,257.0,0.0753,0.031
224,258.0,0.2192,0.0474
225,259.0,0.2584,0.1663
226,260.0,0.2675,0.1294
227,261.0,0.3627,0.2564
228,262.0,0.3592,0.2844
229,263.0,0.4934,0.2964
230,264.0,0.6541,0.3518
231,265.0,0.7142,0.4726
232,266.0,0.6751,0.4955
233,267.0,0.6696,0.4632
234,268.0,0.7908,0.4159
235,269.0,0.8321,0.2637
236,270.0,0.8053,0.1588
237,271.0,0.8272,0.1064
238,272.0,0.6973,0.0577
239,273.0,0.6518,0.056
240,274.0,0.5752,0.059
241,275.0,0.4448,0.0481
242,276.0,0.4139,0.0401
243,277.0,0.383,0.0355
244,278.0,0.2434,0.0391
245,279.0,0.1803,0.0373
246,280.0,0.1567,0.0324
247,281.0,0.1032,0.0328
248,282.0,0.0557,0.0342
249,283.0,0.0344,0.0292
250,284.0,0.0263,0.0269
251,285.0,0.0258,0.0292
252,286.0,0.0321,0.0295
253,287.0,0.0284,0.0269
254,288.0,0.0304,0.026
255,289.0,0.0457,0.0305
256,290.0,0.0388,0.0369
257,291.0,0.0428,0.0336
258,292.0,0.063,0.0275
259,293.0,0.0394,0.0319
260,294.0,0.0315,0.0248
261,295.0,0.0321,0.0227
262,296.0,0.018,0.0227
263,297.0,0.0165,0.0221
264,298.0,0.016,0.024
265,299.0,0.0157,0.0227
266,300.0,0.0168,0.0229
267,301.0,0.017,0.0224
268,302.0,0.017,0.0205
269,303.0,0.0219,0.0251
270,304.0,0.0162,0.0212
271,305.0,0.0198,0.022
272,306.0,0.0197,0.0223
273,307.0,0.019,0.0218
274,308.0,0.0283,0.0343
275,309.0,0.0411,0.0409
276,310.0,0.0485,0.0337
277,311.0,0.0491,0.0312
278,312.0,0.1216,0.0451
279,313.0,0.0648,0.0397
280,314.0,0.1225,0.0483
281,315.0,0.0889,0.0544
282,316.0,0.073,0.0434
283,317.0,0.0313,0.0425
284,318.0,0.0315,0.0337
285,319.0,0.0447,0.0533
286,320.0,0.0468,0.0549
287,321.0,0.0268,0.0353
288,322.0,0.0331,0.0339
289,323.0,0.0237,0.0269
290,324.0,0.0202,0.0242
291,325.0,0.0191,0.0209
292,326.0,0.0199,0.0242
293,327.0,0.019,0.026
294,328.0,0.0173,0.0249
295,329.0,0.0187,0.0266
296,330.0,0.0235,0.0304
297,331.0,0.0331,0.0388
298,332.0,0.0215,0.0311
299,333.0,0.0262,0.0365
300,334.0,0.0294,0.0397
301,335.0,0.0277,0.0329
302,336.0,0.0226,0.0324
303,337.0,0.0325,0.0462
304,338.0,0.0433,0.0523
305,339.0,0.0687,0.0621
306,340.0,0.0751,0.0685
307,341.0,0.0361,0.0404
308,342.0,0.0409,0.0357
309,343.0,0.0553,0.0349
310,344.0,0.0568,0.0309
311,345.0,0.0328,0.0235
312,346.0,0.0203,0.0234
313,347.0,0.0186,0.022
314,348.0,0.018,0.0219
315,349.0,0.0169,0.0207
316,350.0,0.017,0.0204
317,351.0,0.0158,0.0192
318,352.0,0.0158,0.0183
319,353.0,0.0153,0.0184
320,354.0,0.0152,0.0201
321,355.0,0.0239,0.023
322,356.0,0.0279,0.028
323,357.0,0.0174,0.0229
324,358.0,0.0173,0.0323
325,359.0,0.0317,0.0922
326,360.0,0.0946,0.1673
327,361.0,0.1856,0.2991
328,362.0,0.3275,
329,363.0,0.3975,
330,364.0,0.5734,
