Residue Number,Average B-Factor,Standard Deviation
33,3.211396467963173,0.10891617729597347
34,3.079918433482699,1.1558668640001044
35,2.738491418225977,0.9515412574466304
36,1.4259046104611024,0.751998046959144
37,-0.5672100854837625,1.1927260733937353
38,-0.8456799629121835,1.3276546256600104
39,-1.2799170789673715,1.3680341587492553
40,-1.3911750807207208,1.5495096695368173
41,-0.9510475188825565,1.334051582326471
42,-0.7390540276567695,1.3547103921524872
43,-0.15609544335657327,1.1067304987809148
44,0.23135007287778503,0.6487928433436407
45,0.6048437317003371,0.7239254206217128
46,1.4118099714494616,0.47947025739248267
47,0.41648979344258935,1.2288857589047426
48,0.06295955160322442,0.988234700887027
49,-0.6037855356923748,1.1496215843386322
50,-0.6580864124521285,1.662019593408673
51,-0.9810657669365812,1.551344099886133
52,-1.2526452772893473,1.7133242360994083
53,-1.3881314263955726,1.7869222435393985
54,-1.4647849455274078,1.7049267491853188
55,-1.495511373715954,1.9541556345239597
56,-1.5639885751853513,2.1603012635880043
57,-1.6651526609215597,2.359101106131022
58,-1.5267394078750258,2.4492063066992626
59,-1.312382063869301,3.054891928878378
60,-1.3729834014972522,3.016667111728545
61,-1.5013968377131128,3.1188186124968658
62,-1.4679553342398624,3.0506716073216062
63,-1.5408491607314843,3.0124033654895697
64,-1.3122873668272907,3.145961229069636
65,-1.5032277188902428,3.3156779595906425
66,-1.527617743660741,3.392822979223086
67,-1.3724507904795167,3.420068676196475
68,-1.4423323559456005,3.5473128064227133
69,-1.3366249671123442,3.6335269569837267
70,-1.2367582326640572,3.6247077031826618
71,-1.0274710116425831,3.7426721550208337
72,-1.1394712650247136,3.660994696213848
73,-1.0282863673245723,3.6036237729633487
74,-0.721562825315387,3.5892528672392885
75,-0.878292856301881,3.750891431870164
76,-0.965068989942174,3.522246333054058
77,-0.5859132091614526,3.5273103121578977
78,-0.5507510252608132,3.242373515580538
79,-1.0745366007860084,3.4050465157453
80,-1.017152157956963,3.3370429999249698
81,-0.5750429107608389,3.087290656307794
82,-0.8347360548081401,3.262739365429214
83,-1.0306808139890125,3.146801274782757
84,-0.937455289049479,3.138450627410684
85,-0.4240333104676723,2.7980359029608195
86,-0.11345381689223688,2.2573079147503314
87,-0.3452917441375025,2.436484576889192
88,-0.6442720501806245,2.7775836993602674
89,0.20388120889620293,2.1112495211495497
90,-0.11193693906837965,2.136377148350615
91,-0.12823656669510036,2.07441322399983
92,0.19400633328056932,2.0362856430494944
93,0.6028123059043862,1.8790150940130936
94,0.7107641992671755,1.7526722252784068
95,0.3550680484540228,1.8370524938504291
96,0.38372396708492224,1.7547055558199025
97,0.20551185188019291,1.83294601565657
98,0.19013449545070318,1.7369344255171626
99,0.09135263119657387,1.7337902493375676
100,0.059922312961794774,1.759877286876408
101,0.041446229216975994,1.6629061256740532
102,0.03172403485174538,1.6859437141694587
103,0.028602662086487124,1.6222336395150867
104,0.052247252927320284,1.629319674535308
105,0.05317534542570801,1.5789451645298778
106,0.054242941066756464,1.6396655186035645
107,0.14296851416076373,1.6568953443127623
108,0.07294029955668589,1.759152512016692
109,0.1573564043430448,1.8465188079824224
110,-0.37320686531926234,1.3218596135690706
111,-0.2712869467093786,1.4560140854982195
112,-0.3750814295918598,1.482995569483461
113,-0.4862670789744318,1.4419549507735632
114,-0.2416348832065331,1.4092739351364691
115,-0.23960171492864107,1.5892365444560723
116,-0.3084542447092133,1.5151836684807658
117,-0.2356778878036787,1.4564288554399347
118,0.19641421568222053,1.6311605008785377
119,0.05013622362960243,1.6201190320454828
120,0.1848751703744974,1.7278566839743559
121,0.41993858778456566,1.7767483218469866
122,0.06238872970168011,1.2886423947357988
123,-0.28084938681596405,1.535295756678679
124,-0.42006855396562354,1.4332278944156756
125,-0.4904557461281357,1.5170667546569716
126,-0.5645845583508393,1.4452157008897335
127,-0.5722465516038389,1.3981016671433377
128,-0.5438030204115631,1.3802922077398736
129,-0.5304332615714612,1.349554644542227
130,-0.43895422612152285,1.1741167365901346
131,-0.5320165513643766,1.2413568285930543
132,-0.43200639746162006,1.244081277559151
133,-0.3255797731534678,1.1082554715908415
134,-0.5011156216950711,1.2384930763723974
135,-0.41662226828887705,1.262717301684815
136,-0.48716613580268975,1.0588185717953047
137,-0.6593462204974202,0.9198179115169505
138,-0.6951477909067371,0.9601026515507302
139,-0.5172901172350816,0.7868594275966482
140,-0.5654355867228472,0.8970506197454015
141,-0.4263472738621247,0.8081638928281368
142,-0.230124561844672,0.7573730808773782
143,-0.3687670698730364,0.8425586164475322
144,-0.27919703576251725,0.8442459549240902
145,-0.3736289346706358,0.8263973985678461
146,-0.47256518250766716,0.9593773422476526
147,-0.4400680223298935,0.8906035574807861
148,-0.3413990329079135,0.8454219631892456
149,-0.49322429533295076,0.8601023571515555
150,-0.7390871143216148,1.0785782830409383
151,-0.46262601665120867,0.9954161863766635
152,-0.4393453835234839,1.0030344811066758
153,-0.6615014453240351,1.163761311447048
154,-0.553448581842123,1.1324829712929811
155,-0.31536328115511386,1.0945527060572524
156,0.008239472638377876,0.9475017129761747
157,-0.22178074461884978,1.0392159203732392
158,-0.4998159936670411,1.0546089926295952
159,-0.5693187814822719,1.117698809568468
160,-0.15821228486927413,0.9602966901093465
161,-0.20781247678108533,1.169591184505912
162,0.030756447419879485,0.8846479334650996
163,-0.4274887595546228,1.1770714617618891
164,-0.2925894090240124,1.0505302923369046
165,-0.3945573276997011,1.1957304111695009
166,-0.6176452775127615,1.2817952385759874
167,-0.6470569804185495,1.1860385609983934
168,-0.7674206246271109,1.147962659088165
169,-0.6976648748675416,1.008047346628121
170,-0.7307140391388709,0.9669270579579871
171,-0.3515908567054816,0.7441446593920121
172,-0.1331380912515128,0.5852349955003981
173,1.114678222663052,0.7504463543328058
174,2.957734647013443,2.0050803922869616
175,2.7319977234367645,2.0879128255615718
176,0.8491034472759886,0.6663386183519678
177,-0.27072990826564325,0.5565708372553867
178,0.09119010420839546,1.1213628137821576
179,-0.06880294558612543,1.045419182932668
180,-0.038532727540443915,0.854838477444172
181,-0.015110067966855156,0.9554735879834009
182,-0.11363591475179147,1.0476046625845794
183,-0.4598317740468116,1.1769412514030393
184,-0.31502126672949105,1.0513432571352985
185,-0.17743219261640159,1.0776057085141877
186,-0.16342906291840673,1.0228700904573835
187,-0.3764663570285537,1.1200880072407993
188,-0.002484634330374824,0.9439710039294181
189,-0.19703580143638427,1.20627161714616
190,-0.02102475372985041,0.9357840911986997
191,-0.06686582730051338,0.9678254597227226
192,0.42982430041190506,0.6711835783675838
193,0.2772058572576841,0.894714613698271
194,0.5244872590793195,0.5809789724894834
195,0.1980721534433784,0.5896527346218811
196,-0.26457778758086214,0.5252472399070081
197,-0.3994072838516861,0.6475816386251382
198,-0.275693263623314,0.5513403401542443
199,-0.4478062384436121,0.7419095130983064
200,-0.23824717761875894,0.6187925308775053
201,0.08076753707531764,0.5821471328268107
202,0.37984556516594525,0.7091156604989992
203,1.566149684414905,0.3042158421636234
204,1.7436146221639335,0.3376629245486409
205,2.216129544873827,0.4559623572321861
206,2.277726311797818,0.4390596758024958
207,0.8352614569208334,0.7540646508687621
208,0.3241491136580779,0.6980403589881083
209,-0.017945103384458844,0.7550865071810274
210,0.29791961429991254,0.6418211319259872
211,0.2811284495446812,0.8766366526806068
212,-0.09546733343628219,0.7559461134031612
213,-0.036270359544518044,0.7365527459263268
214,0.09174380839500551,0.9148043120416969
215,-0.1552841874291114,0.9096227460201192
216,-0.2870646628422924,0.8662899256331763
217,-0.12628105915260424,0.8606270776600831
218,0.239889260512695,0.7350401198335141
219,-0.06537255625109586,0.8018631301510043
220,0.4791009656541367,0.6513105900707958
221,-0.26249789671043444,0.8689662698183372
222,-0.15807509291640176,0.721796155668988
223,-0.13798350170907858,0.6886828470323487
224,-0.11052732073121121,0.6149450826831607
225,-0.3079114798803654,0.6629148328748894
226,-0.2847550702088585,0.6497458307489057
227,-0.24028023571416623,0.6270319709263741
228,-0.13499702757616067,0.6373500325415079
229,-0.05803059035457142,0.5763669242179532
230,0.16149963445935192,0.5422356129240481
231,0.17692581285918066,0.5929264715480589
232,0.529908485653168,0.5192273923759949
233,1.3268591282235889,0.509146996536922
234,2.695136284553663,0.9182487787514805
235,3.443087591148063,1.3215135510347105
236,2.498990295177667,0.7102453144208545
237,1.0344626982448335,0.42146832316117355
238,0.8301604969513875,0.6683378316035098
239,0.2753660644002459,0.4781126257866774
240,0.12696352465886004,0.5005238116176295
241,0.25029460413385646,0.4765155220155429
242,0.12449601202032048,0.47816328113812645
243,-0.19012086776605588,0.5541508325354171
244,0.05271650188717231,0.6553178792529386
245,0.2645085994775074,0.5573189016811406
246,0.13692487424056274,0.5400863002827379
247,-0.12712514554622809,0.5360553477929425
248,-0.31919423808526504,0.5428785973291924
249,-0.3206848498559143,0.5437574610158318
250,-0.2921379402627247,0.5765807535694479
251,-0.25830304231494056,0.5980034469670034
252,-0.03370469349719382,0.636369615512055
253,-0.04742954420015867,0.7268924851659593
254,0.6476523609704304,1.0682721816910201
255,1.737918037910233,1.1840973314675782
256,1.0044169938726284,1.4007422728917318
257,2.14591598525072,1.3544126703491164
258,3.5049631255630116,1.498995959891472
259,3.659954606572356,1.3897666327791036
260,3.7321050108687,1.9285147315659175
261,nan,nan
262,nan,nan
263,nan,nan
264,nan,nan
265,nan,nan
266,nan,nan
267,nan,nan
268,nan,nan
269,nan,nan
270,nan,nan
271,nan,nan
272,nan,nan
273,nan,nan
274,nan,nan
275,nan,nan
276,3.5153494264535166,1.17188311456965
277,2.320634820975232,1.269051768648831
278,2.1576387419869762,1.1711514764734396
279,2.341585661399357,0.8601888105583799
280,2.178183746162369,0.9712635159758726
281,1.5905572683650084,0.8605319234059142
282,1.9149276121783774,0.986691318294194
283,0.7116516441114533,0.7540076860518613
284,0.5130997775351376,0.6306002868123441
285,0.8349531077803355,0.6390267342233313
286,0.8351709707145547,0.6320264453293134
287,0.46292226498630695,0.5191280737912044
288,0.6173960753686665,0.5363197471360409
289,0.90597877176725,0.5470401841091402
290,0.709825872593997,0.5132341376175834
291,1.0490921987872386,0.5304832868575104
292,0.34347101829983395,0.5389745417137273
293,0.47249078902170766,0.6545562740908812
294,0.303164740623762,0.620370367573041
295,0.10527322150063106,0.5775834204779796
296,0.07750425503121386,0.5702642916837719
297,-0.025892561075190557,0.6049129579577183
298,0.08132541115209052,0.6846135727194564
299,-0.28061205140231527,3.0586628424532623
300,-0.43668098950640055,3.3352361248927656
301,-0.749560927764836,3.4464286117438667
302,-0.3976077604035766,3.159516147812121
303,-0.6423857970767318,3.4414704341148568
304,-0.5037189128360734,3.4205636565304323
305,-0.5565331054381604,3.4528549376365554
306,-0.7916881743070407,3.573177199589426
307,-0.6440657440399603,3.4715666675632995
308,-0.4101329479535889,3.241214738711524
309,0.22711940326388358,2.8770261326126008
310,1.4408622763777836,2.310267678997938
311,0.5304922899997091,2.8742278600061963
312,1.9213347179174651,2.067323713918987
313,0.8991937515094142,2.5000239188163405
314,0.8420703910457288,2.4664101338551934
315,1.5198534983255716,2.4549730009175064
316,1.6235444501014678,2.42535557609755
317,0.9662643550039485,2.6873448754986566
318,1.1841851654619475,2.557928365486085
319,2.185956650086362,2.32362398068675
320,1.732651348853322,2.3186006458352577
321,1.1625473928176526,2.498159811986486
322,1.7941625859933463,2.118173664372402
323,1.1489352993487878,2.4185554688829654
324,0.3391317011517332,2.712759757739145
325,-0.3155249420075512,3.1973938442914136
326,0.4707848245676432,2.550707933269735
327,0.5165436733085319,2.5926188022425882
328,0.2905393338562233,2.6768150089898395
329,0.22687585507929098,2.8520693877153103
330,1.0004289369754868,2.412406124146249
331,1.186609786557747,2.1954185155391404
332,0.9451887975124194,2.0354364508094664
333,1.0340405947268088,2.0223363226530404
334,1.8311985046795098,2.185024609278286
335,1.7314330490258039,2.157659279444759
336,1.2661194751516938,2.1078268240415716
337,1.2217282762279622,2.3922226900935697
338,3.0813337399203533,2.444772074642891
339,2.6895666858181664,2.338015196918408
340,1.8502444204350312,2.359387001255772
341,0.7676181636271816,2.3850859248151175
342,0.8656100170796603,2.3780959213161044
343,1.8754908810890196,1.6759835846396638
344,0.10608198331169427,2.840676717221043
345,-0.23343991366298755,2.628666879432701
346,-0.4218181629851975,2.5235836483955896
347,0.23639444463059828,1.8121668074778816
348,-0.7254991079180484,2.5290858739989583
349,-0.8427184925197377,2.3807067511842432
350,-1.0994805273110069,2.5541998011315927
351,-0.9851450190537712,2.4768634684666817
352,-0.9039284871410977,2.408030409141769
353,-0.87623309739688,2.136592331911039
354,-1.2536268234072696,2.350571673770516
355,-0.8224169378284727,2.2778921910231915
356,-0.8495935953253917,2.117478479421664
357,-1.0547506066961148,2.206735338728407
358,-1.0733697608434913,2.1483636308452727
359,-0.631451243802504,1.995999052508453
360,0.4876907385084199,1.194358214409391
361,1.8485130517871027,1.0272618654474008
362,4.4978641490850215,2.0883900174829804
363,4.785427189141963,1.4378857107731824
