Residue Number,B-Factor
33,60.65
34,63.74
35,60.23
36,47.86
37,30.83
38,25.45
39,22.33
40,15.36
41,24.48
42,24.46
43,31.04
44,31.52
45,32.81
46,36.95
47,34.29
48,30.02
49,24.95
50,25.04
51,22.17
52,20.54
53,22.49
54,18.99
55,18.0
56,17.13
57,15.77
58,20.2
59,19.9
60,16.94
61,15.69
62,17.94
63,16.16
64,16.91
65,14.75
66,15.54
67,17.26
68,13.64
69,14.29
70,17.81
71,18.06
72,18.43
73,19.3
74,20.99
75,20.34
76,19.76
77,21.97
78,22.69
79,18.11
80,20.84
81,26.0
82,19.65
83,22.19
84,21.71
85,25.21
86,24.3
87,22.87
88,26.49
89,31.11
90,26.6
91,27.45
92,26.92
93,25.71
94,23.02
95,24.37
96,21.45
97,21.22
98,21.45
99,19.3
100,15.27
101,18.14
102,15.4
103,16.57
104,17.73
105,13.96
106,18.43
107,16.38
108,13.21
109,16.5
110,16.3
111,18.38
112,18.57
113,18.71
114,21.08
115,21.23
116,20.13
117,21.84
118,21.57
119,21.45
120,21.02
121,22.9
122,20.19
123,21.47
124,17.24
125,18.29
126,15.62
127,16.51
128,15.16
129,16.51
130,14.72
131,17.4
132,18.72
133,16.72
134,18.13
135,19.22
136,21.62
137,16.2
138,19.98
139,22.37
140,21.58
141,19.38
142,25.01
143,22.29
144,25.45
145,22.55
146,22.85
147,24.04
148,26.1
149,20.76
150,23.35
151,23.11
152,21.13
153,16.69
154,22.29
155,25.84
156,25.2
157,22.11
158,19.1
159,17.88
160,23.08
161,21.14
162,21.71
163,22.22
164,20.85
165,17.49
166,18.35
167,17.91
168,16.48
169,16.88
170,18.85
171,24.29
172,26.76
173,37.36
174,43.73
175,42.0
176,33.06
177,25.84
178,27.22
179,21.34
180,24.42
181,23.34
182,22.03
183,19.85
184,18.42
185,20.97
186,19.14
187,19.43
188,22.41
189,23.2
190,24.13
191,24.7
192,27.24
193,27.85
194,24.72
195,26.55
196,21.28
197,21.39
198,19.03
199,20.33
200,21.47
201,21.98
202,30.34
203,35.48
204,37.89
205,46.94
206,44.85
207,37.89
208,26.18
209,23.02
210,23.62
211,25.37
212,23.11
213,21.19
214,23.1
215,24.2
216,23.3
217,22.6
218,24.53
219,25.58
220,25.42
221,26.36
222,28.24
223,26.15
224,26.38
225,25.23
226,22.81
227,21.96
228,22.47
229,22.8
230,21.32
231,22.74
232,28.15
233,32.74
234,32.2
235,34.53
236,29.59
237,30.41
238,28.37
239,24.52
240,25.71
241,25.07
242,24.79
243,23.98
244,23.94
245,23.76
246,24.14
247,26.23
248,23.95
249,22.76
250,24.04
251,22.49
252,20.03
253,24.91
254,28.6
255,27.94
256,28.71
257,37.21
258,44.8
259,50.0
260,58.62
261,-1.0
262,-1.0
263,-1.0
264,-1.0
265,-1.0
266,-1.0
267,80.24
268,81.45
269,74.05
270,66.02
271,56.15
272,62.37
273,62.81
274,65.97
275,57.33
276,40.41
277,33.08
278,33.49
279,35.77
280,30.2
281,29.7
282,30.86
283,27.25
284,24.23
285,26.81
286,30.62
287,27.44
288,28.07
289,36.94
290,34.47
291,29.43
292,27.69
293,25.26
294,25.6
295,24.87
296,24.67
297,22.48
298,22.41
299,21.71
300,21.31
301,22.48
302,21.42
303,20.48
304,20.54
305,16.61
306,19.16
307,21.86
308,24.75
309,27.72
310,29.51
311,27.42
312,36.79
313,32.73
314,32.35
315,38.47
316,36.43
317,30.63
318,31.26
319,39.93
320,36.71
321,30.93
322,32.21
323,29.23
324,27.57
325,24.23
326,26.33
327,25.24
328,25.25
329,27.84
330,28.3
331,29.62
332,28.65
333,29.41
334,32.42
335,29.22
336,32.31
337,35.89
338,41.68
339,42.5
340,41.41
341,35.17
342,31.49
343,32.0
344,29.7
345,27.11
346,29.64
347,29.11
348,27.19
349,23.4
350,25.8
351,23.99
352,25.76
353,21.89
354,22.8
355,27.23
356,25.12
357,26.34
358,27.26
359,29.98
360,34.05
361,39.45
362,54.34
363,62.7
364,60.09
